student_id,age,gender,course,year,daily_study_hours,daily_sleep_hours,screen_time_hours,stress_level,anxiety_score,depression_score,academic_pressure_score,financial_stress_score,social_support_score,physical_activity_hours,sleep_quality,attendance_percentage,cgpa,internet_quality,burnout_level
STU00001,18,Male,AIDS,1st Year,6.0,7.6,2.9,Low,1,2,3,2,8,1.2,Good,92.0,8.28,Good,Low
STU00002,24,Male,ECE,3rd Year,4.7,6.4,8.0,High,9,6,6,6,7,0.7,Poor,75.7,7.45,Good,High
STU00003,23,Male,AIML,3rd Year,7.8,7.3,7.6,High,9,6,8,9,5,1.3,Poor,84.6,7.26,Average,High
STU00004,21,Male,AIDS,1st Year,8.4,5.9,4.9,Medium,5,6,6,5,5,1.4,Poor,77.3,7.47,Average,Medium
STU00005,21,Female,CSE,1st Year,4.0,7.6,8.0,High,5,6,8,6,4,1.6,Average,82.9,6.44,Good,High
STU00006,24,Male,AIDS,2nd Year,3.5,4.9,5.5,High,8,7,7,7,2,0.5,Poor,80.6,7.7,Average,High
STU00007,18,Female,ECE,3rd Year,4.7,6.2,7.6,High,9,6,8,3,3,1.2,Poor,91.7,8.07,Good,High
STU00008,23,Male,CSE,3rd Year,4.5,5.9,8.1,High,8,7,7,4,5,0.8,Poor,89.3,8.24,Poor,High
STU00009,19,Female,CSE,3rd Year,7.9,6.6,3.8,Medium,5,6,5,2,5,1.7,Poor,90.1,7.41,Poor,High
STU00010,18,Male,AIDS,2nd Year,3.0,6.1,5.6,High,6,6,6,10,5,0.4,Good,89.4,8.23,Average,High
STU00011,22,Female,AIML,1st Year,6.5,6.8,2.3,High,9,5,7,10,4,1.1,Poor,75.1,7.71,Poor,High
STU00012,25,Female,CIVIL,3rd Year,7.7,7.8,7.0,High,6,5,7,7,6,1.3,Average,84.1,8.25,Good,High
STU00013,23,Male,AIDS,1st Year,6.4,6.0,3.6,Medium,5,5,4,5,6,2.3,Poor,76.7,7.63,Poor,Medium
STU00014,24,Female,ECE,3rd Year,5.7,7.2,5.6,High,7,4,4,6,6,1.7,Average,81.9,7.87,Good,Medium
STU00015,23,Male,AIML,1st Year,5.0,6.9,7.2,High,6,6,7,5,4,1.2,Poor,91.1,6.84,Average,High
STU00016,24,Male,ECE,2nd Year,8.7,5.6,8.2,High,10,9,7,5,7,1.1,Poor,78.8,7.21,Good,High
STU00017,22,Female,CIVIL,2nd Year,4.4,8.4,5.7,Low,6,2,3,2,9,2.5,Good,87.2,8.15,Average,Low
STU00018,19,Female,CSE,2nd Year,6.6,6.6,5.0,Medium,5,7,4,9,9,1.4,Average,86.0,8.21,Poor,Medium
STU00019,24,Male,AIML,3rd Year,4.8,6.5,5.0,High,6,4,5,8,3,0.6,Poor,79.7,6.86,Poor,High
STU00020,21,Male,AIML,2nd Year,1.8,5.6,5.5,High,8,7,7,4,5,0.5,Average,62.6,7.15,Average,High
STU00021,22,Female,AIML,4th Year,4.4,7.2,3.3,Low,5,4,5,5,6,2.0,Poor,74.2,8.05,Good,Low
STU00022,20,Female,AIDS,4th Year,5.2,5.8,6.6,High,7,8,9,8,4,1.0,Poor,78.5,8.14,Good,Low
STU00023,19,Female,Cyber,4th Year,4.8,7.1,5.2,Medium,6,5,6,3,7,1.2,Poor,72.7,7.23,Average,High
STU00024,25,Male,ECE,3rd Year,3.9,5.9,4.7,High,8,7,10,7,6,1.0,Poor,78.7,7.95,Average,High
STU00025,24,Female,AIML,3rd Year,6.6,5.2,4.5,High,10,7,10,9,2,1.0,Poor,64.3,7.02,Poor,Medium
STU00026,23,Male,CSE,3rd Year,6.2,7.5,3.1,Medium,4,3,3,5,6,1.8,Good,78.3,7.82,Average,Low
STU00027,21,Female,AIML,2nd Year,4.4,8.1,2.0,Medium,5,7,4,6,7,1.8,Poor,82.4,7.44,Average,Medium
STU00028,24,Male,AIDS,2nd Year,4.1,8.1,3.7,Low,4,3,1,4,9,1.3,Average,95.0,7.78,Average,Medium
STU00029,22,Female,ECE,3rd Year,3.1,8.6,5.5,Low,6,4,7,5,7,0.6,Average,91.8,7.71,Good,Low
STU00030,21,Male,AIML,1st Year,5.1,8.1,2.0,Low,1,1,2,1,9,1.5,Good,82.8,8.93,Good,Medium
STU00031,21,Female,AIDS,1st Year,7.7,6.9,6.2,High,9,9,7,1,5,0.5,Poor,81.1,7.42,Poor,High
STU00032,19,Female,CSE,4th Year,7.6,7.2,5.4,Medium,7,5,9,4,6,0.6,Average,68.7,7.3,Average,Medium
STU00033,18,Male,AIML,1st Year,3.9,8.3,3.4,Low,7,7,5,6,8,2.5,Average,83.7,8.07,Average,Medium
STU00034,22,Female,AIML,2nd Year,8.6,8.0,4.5,Low,4,5,6,4,7,0.3,Good,90.1,8.21,Poor,High
STU00035,25,Male,CIVIL,3rd Year,4.5,5.4,7.3,Low,7,6,8,6,5,1.5,Poor,78.0,7.6,Poor,High
STU00036,18,Female,ECE,1st Year,2.9,8.1,2.9,Low,4,3,2,5,8,2.4,Good,97.6,8.43,Good,Low
STU00037,24,Male,ECE,4th Year,2.6,6.9,5.5,High,6,8,7,1,6,2.0,Average,87.8,7.25,Poor,High
STU00038,24,Male,CSE,1st Year,3.2,6.2,6.3,Medium,6,3,6,5,4,1.4,Poor,80.8,7.13,Good,Medium
STU00039,20,Male,CSE,4th Year,5.2,6.2,2.5,Low,1,2,3,6,8,2.8,Good,88.0,9.03,Good,Low
STU00040,23,Male,ECE,3rd Year,4.7,5.0,7.1,High,9,6,6,6,6,2.2,Poor,74.6,7.56,Good,High
STU00041,19,Male,AIML,1st Year,3.4,7.4,4.2,Low,2,1,1,1,8,1.9,Poor,77.9,8.6,Good,Low
STU00042,24,Female,CIVIL,1st Year,3.4,5.5,4.8,Medium,7,5,4,6,8,1.8,Poor,72.2,8.45,Average,Medium
STU00043,23,Female,AIDS,2nd Year,2.8,7.1,7.2,Low,5,2,2,6,8,2.6,Good,95.2,8.73,Poor,Low
STU00044,20,Female,Cyber,2nd Year,3.8,6.7,7.8,High,10,8,8,7,5,0.5,Poor,87.7,6.76,Average,High
STU00045,18,Male,AIDS,1st Year,6.5,6.9,2.0,Low,3,3,1,5,9,1.8,Average,78.6,8.22,Good,Low
STU00046,25,Male,CIVIL,4th Year,7.8,7.8,3.2,Low,3,1,2,5,10,1.7,Average,90.0,9.17,Good,Low
STU00047,21,Male,Cyber,1st Year,8.4,5.8,8.5,Medium,8,6,5,4,5,1.7,Average,68.8,8.21,Average,Medium
STU00048,25,Female,ECE,4th Year,6.1,7.3,3.6,Medium,5,5,6,4,7,0.6,Average,76.0,8.13,Average,Medium
STU00049,23,Female,CIVIL,1st Year,3.7,8.1,3.9,Low,5,2,3,1,10,2.8,Good,90.8,7.46,Average,Medium
STU00050,24,Male,AIML,4th Year,3.9,5.2,7.3,High,5,8,6,4,3,1.6,Poor,75.5,7.31,Average,High
STU00051,24,Female,CIVIL,1st Year,5.9,7.2,4.3,Low,1,3,1,1,10,2.5,Average,75.6,8.5,Good,Low
STU00052,19,Male,CSE,2nd Year,4.3,6.2,5.3,Low,5,4,3,5,10,0.6,Poor,100.0,7.57,Average,Medium
STU00053,20,Male,ECE,3rd Year,5.6,7.6,5.6,Low,4,5,6,3,9,1.1,Average,84.2,8.57,Average,High
STU00054,21,Male,AIDS,1st Year,8.7,6.5,6.0,High,10,6,6,6,6,2.0,Poor,69.6,7.69,Average,High
STU00055,21,Male,ECE,4th Year,5.7,6.0,5.3,High,10,9,7,9,5,0.9,Poor,77.2,6.46,Poor,High
STU00056,18,Female,Cyber,2nd Year,9.4,6.1,6.8,High,10,9,6,6,4,0.2,Poor,76.4,7.46,Average,Medium
STU00057,22,Female,ECE,3rd Year,2.9,7.2,4.5,High,6,6,3,5,6,1.7,Average,86.1,7.74,Good,High
STU00058,19,Male,CSE,3rd Year,5.2,8.4,2.4,Low,1,1,1,4,10,2.7,Good,90.2,8.62,Poor,Medium
STU00059,23,Female,CSE,3rd Year,5.7,6.1,7.5,Low,5,5,7,6,4,1.7,Poor,82.8,8.63,Average,Low
STU00060,23,Female,AIML,1st Year,3.6,5.4,6.0,High,10,8,10,9,2,0.9,Poor,82.9,7.77,Average,High
STU00061,25,Female,ECE,1st Year,6.8,6.1,8.5,High,7,8,10,6,4,1.7,Poor,65.9,6.75,Poor,High
STU00062,23,Female,Cyber,1st Year,7.9,6.4,6.0,High,10,6,10,9,6,1.0,Poor,74.4,7.04,Poor,Medium
STU00063,20,Male,AIML,2nd Year,8.7,9.0,3.9,Low,4,2,3,4,7,2.2,Good,94.1,8.41,Average,Low
STU00064,25,Female,CIVIL,1st Year,5.6,6.7,2.4,Low,5,6,4,7,7,1.8,Good,80.0,8.15,Poor,Medium
STU00065,21,Male,AIML,4th Year,2.1,6.0,9.7,High,10,7,8,8,3,0.7,Poor,72.6,7.69,Average,High
STU00066,20,Female,Cyber,2nd Year,5.5,8.0,3.9,Low,4,1,3,6,7,1.8,Good,84.6,9.32,Good,Medium
STU00067,25,Male,AIML,3rd Year,6.0,8.7,2.0,Low,3,1,3,5,4,1.7,Average,83.9,9.29,Good,Medium
STU00068,20,Female,CSE,2nd Year,4.8,5.6,7.3,High,10,5,8,7,3,1.2,Poor,73.8,7.32,Good,High
STU00069,18,Male,AIDS,2nd Year,5.3,8.2,4.7,Low,6,6,3,4,7,1.5,Good,73.9,8.49,Average,Low
STU00070,21,Male,Cyber,2nd Year,3.8,7.3,2.9,Low,4,5,3,4,9,2.3,Good,91.0,8.51,Good,Low
STU00071,24,Female,CSE,2nd Year,5.1,8.2,7.8,High,8,7,9,5,4,0.7,Good,83.6,6.91,Good,Medium
STU00072,19,Female,CIVIL,2nd Year,6.9,6.9,2.3,High,8,6,7,4,6,2.2,Poor,78.5,6.81,Average,Medium
STU00073,21,Male,AIDS,2nd Year,7.4,5.9,3.9,Low,2,4,4,1,6,1.3,Good,91.3,8.32,Average,Low
STU00074,19,Female,AIDS,2nd Year,2.4,7.3,3.8,Low,4,1,5,1,7,2.4,Good,83.2,7.3,Average,Low
STU00075,23,Female,AIDS,4th Year,4.6,6.9,8.2,High,10,10,10,10,3,1.3,Poor,68.4,6.72,Good,High
STU00076,21,Male,CIVIL,1st Year,2.1,6.9,8.1,Medium,4,6,4,5,6,1.6,Poor,85.4,7.44,Average,Medium
STU00077,20,Female,AIML,2nd Year,8.7,6.0,6.1,High,10,8,10,10,5,1.1,Poor,79.1,7.81,Average,High
STU00078,19,Male,ECE,1st Year,6.8,7.0,6.6,High,7,5,3,9,5,0.8,Average,77.1,8.42,Good,High
STU00079,22,Female,ECE,2nd Year,1.3,6.8,8.3,Medium,4,3,5,4,9,1.4,Poor,89.8,7.97,Poor,High
STU00080,23,Male,AIML,3rd Year,4.8,6.9,4.7,Low,5,3,2,3,6,1.8,Poor,74.0,7.68,Good,Low
STU00081,25,Male,AIML,1st Year,4.9,5.2,7.1,High,7,7,8,5,5,1.0,Poor,73.1,6.28,Good,High
STU00082,21,Female,CSE,3rd Year,4.0,7.6,4.9,High,10,8,7,10,7,1.6,Poor,83.1,7.72,Good,High
STU00083,19,Female,ECE,2nd Year,6.4,6.7,6.1,Low,1,1,1,4,9,1.9,Good,98.1,8.69,Good,Low
STU00084,24,Female,AIDS,1st Year,7.0,6.7,4.8,High,8,4,8,5,6,1.1,Poor,86.2,7.61,Average,High
STU00085,23,Female,AIDS,4th Year,5.5,7.3,5.4,Low,5,7,3,3,5,0.6,Average,90.7,8.71,Good,Low
STU00086,23,Female,AIML,2nd Year,3.6,7.4,4.6,Low,3,3,3,1,9,2.2,Good,83.7,7.5,Good,Low
STU00087,18,Female,CSE,4th Year,3.9,5.5,5.5,Medium,7,6,5,3,7,1.7,Average,67.2,7.27,Good,Medium
STU00088,20,Female,Cyber,2nd Year,4.7,6.6,3.4,Low,3,2,5,6,8,2.5,Average,86.0,8.19,Average,Low
STU00089,24,Male,Cyber,4th Year,4.1,7.5,5.1,Medium,7,2,5,9,8,2.2,Good,89.2,7.77,Average,High
STU00090,24,Male,CIVIL,2nd Year,4.8,6.5,6.8,Low,5,3,2,4,8,2.2,Poor,92.0,8.54,Average,Medium
STU00091,21,Male,AIDS,2nd Year,5.9,5.2,7.7,Medium,5,3,4,4,8,2.1,Poor,80.0,8.34,Average,Medium
STU00092,24,Female,CIVIL,3rd Year,2.2,7.2,4.9,Medium,7,6,8,8,8,1.9,Average,74.6,8.3,Average,Medium
STU00093,24,Male,AIDS,2nd Year,3.4,6.6,3.7,Low,3,4,4,3,9,2.3,Good,79.6,8.38,Good,Medium
STU00094,21,Male,CIVIL,2nd Year,5.3,6.5,5.6,High,9,9,8,8,3,0.0,Poor,70.6,7.32,Good,High
STU00095,25,Female,Cyber,4th Year,7.9,6.3,9.1,Medium,7,7,6,4,7,0.7,Poor,64.6,7.57,Good,High
STU00096,20,Male,CSE,3rd Year,7.0,5.6,7.0,High,9,10,9,7,5,0.2,Poor,69.7,7.64,Average,High
STU00097,19,Male,CSE,3rd Year,5.0,6.9,6.5,Medium,7,5,4,3,6,2.3,Poor,83.1,7.87,Average,Medium
STU00098,23,Female,AIML,3rd Year,5.6,6.1,5.6,Low,4,5,2,4,7,1.3,Average,83.7,8.15,Average,Medium
STU00099,23,Female,AIML,4th Year,5.3,5.1,9.7,High,10,9,8,9,1,0.5,Poor,71.4,7.62,Average,High
STU00100,19,Male,CSE,4th Year,6.8,6.9,4.4,Low,3,1,6,9,8,1.7,Average,79.1,8.22,Poor,Medium
STU00101,24,Male,CIVIL,3rd Year,5.7,5.9,3.6,High,7,4,5,9,8,0.9,Poor,78.2,8.14,Average,Low
STU00102,19,Male,CSE,2nd Year,7.5,7.0,8.3,High,7,5,7,6,5,1.5,Poor,74.3,7.33,Average,Medium
STU00103,24,Female,CIVIL,1st Year,2.3,7.2,5.3,Low,2,3,3,2,8,0.8,Average,93.2,8.99,Average,Medium
STU00104,18,Female,AIDS,3rd Year,3.7,5.1,6.4,High,10,5,10,6,5,0.6,Poor,78.8,7.02,Poor,High
STU00105,24,Male,ECE,4th Year,5.6,6.0,7.7,Medium,8,7,7,3,5,1.4,Average,100.0,8.21,Average,Medium
STU00106,24,Female,ECE,2nd Year,6.2,6.2,7.0,High,10,8,10,9,5,0.4,Poor,73.6,7.27,Poor,High
STU00107,24,Male,AIML,1st Year,9.5,5.9,8.0,High,8,8,7,8,4,1.9,Poor,81.5,8.49,Good,High
STU00108,23,Male,ECE,2nd Year,2.1,6.4,6.7,High,8,9,8,5,4,1.1,Poor,73.7,7.81,Average,High
STU00109,21,Female,CSE,2nd Year,4.9,7.4,6.3,Low,5,2,5,3,5,2.2,Average,79.8,7.92,Average,Low
STU00110,23,Male,CIVIL,4th Year,4.6,9.0,5.1,High,5,2,3,4,8,2.0,Good,98.4,9.16,Poor,High
STU00111,20,Male,AIML,1st Year,6.0,6.7,6.7,High,10,10,10,8,3,0.8,Poor,80.5,7.26,Good,High
STU00112,24,Male,AIML,3rd Year,7.7,6.2,3.6,Low,2,3,3,1,8,1.5,Average,74.8,8.9,Average,Medium
STU00113,22,Female,ECE,3rd Year,6.2,7.3,3.4,Low,6,3,1,7,9,2.5,Good,80.2,7.96,Good,Low
STU00114,21,Female,ECE,4th Year,2.3,6.2,6.1,High,6,6,7,2,5,1.5,Poor,78.4,7.81,Average,Medium
STU00115,22,Female,Cyber,1st Year,8.2,6.4,6.1,High,8,7,10,9,5,2.1,Poor,70.6,7.0,Good,Medium
STU00116,22,Male,ECE,4th Year,7.8,5.9,5.9,Low,4,2,5,5,5,1.9,Poor,69.1,7.89,Good,Medium
STU00117,18,Male,CSE,3rd Year,5.7,5.8,6.6,High,6,5,9,10,6,0.9,Poor,78.4,7.61,Average,High
STU00118,19,Female,ECE,3rd Year,1.6,6.8,3.7,Low,1,1,1,3,8,2.4,Good,76.0,8.73,Good,Low
STU00119,19,Male,AIML,1st Year,4.6,6.5,5.0,Low,4,3,4,2,8,1.9,Average,85.3,7.7,Average,Low
STU00120,18,Female,AIML,2nd Year,5.4,7.3,2.8,Low,3,1,1,2,10,2.8,Average,96.3,10.0,Good,Low
STU00121,21,Female,CSE,3rd Year,7.0,6.1,5.5,Medium,7,10,7,4,7,2.0,Poor,85.5,7.08,Average,Medium
STU00122,23,Male,AIML,2nd Year,1.4,6.6,2.0,Low,4,2,3,2,10,2.0,Poor,87.8,8.36,Poor,Low
STU00123,23,Female,AIML,2nd Year,3.3,8.4,3.9,Low,4,3,5,6,9,1.3,Poor,99.8,8.53,Good,Low
STU00124,21,Male,Cyber,3rd Year,7.1,6.9,4.4,Medium,7,6,7,6,7,0.3,Poor,82.3,8.18,Good,High
STU00125,24,Male,CSE,3rd Year,8.0,4.9,6.3,High,8,7,9,8,7,0.5,Poor,84.0,7.51,Average,High
STU00126,22,Female,CSE,1st Year,5.7,6.9,4.1,Low,7,4,3,1,5,1.2,Good,76.8,8.08,Good,Low
STU00127,18,Male,Cyber,2nd Year,7.2,5.1,3.0,Medium,5,7,7,5,4,2.1,Poor,91.6,7.66,Average,Medium
STU00128,24,Female,CSE,1st Year,6.0,7.7,8.6,High,8,6,8,9,3,2.1,Average,79.6,8.83,Average,Medium
STU00129,22,Female,ECE,4th Year,6.7,8.4,4.7,Low,5,2,4,3,8,2.1,Good,95.6,7.85,Good,Low
STU00130,23,Female,CIVIL,4th Year,5.0,7.4,6.1,Low,5,3,4,4,6,2.6,Average,97.8,8.3,Average,Medium
STU00131,22,Female,Cyber,2nd Year,6.0,5.7,5.0,High,7,5,8,7,3,0.9,Poor,81.5,7.44,Average,Medium
STU00132,22,Male,CIVIL,1st Year,3.0,5.9,8.0,High,7,5,7,1,4,0.5,Poor,82.5,7.21,Good,High
STU00133,18,Male,CSE,1st Year,6.5,5.9,4.5,High,7,7,7,5,2,0.6,Poor,76.5,6.92,Poor,High
STU00134,22,Female,CSE,2nd Year,2.8,6.5,5.7,High,8,6,5,9,6,0.3,Poor,74.0,8.01,Average,Low
STU00135,24,Female,AIDS,4th Year,6.0,8.7,2.7,Low,4,3,5,5,6,1.3,Average,92.0,8.03,Average,Low
STU00136,20,Male,AIDS,2nd Year,4.4,7.3,9.2,High,10,7,8,7,3,1.0,Average,83.2,7.27,Good,Medium
STU00137,22,Male,AIDS,1st Year,5.7,7.7,4.9,Medium,6,5,6,1,6,1.6,Poor,69.1,7.3,Poor,Medium
STU00138,18,Male,CSE,1st Year,3.2,7.2,5.8,Low,4,1,4,1,7,1.7,Good,83.5,8.15,Average,Low
STU00139,20,Male,AIDS,1st Year,4.0,5.9,5.5,Medium,5,5,5,8,4,1.2,Poor,90.3,8.05,Good,High
STU00140,21,Female,AIML,4th Year,5.5,6.5,4.5,Low,5,4,4,5,6,2.1,Average,96.8,8.3,Poor,Low
STU00141,25,Male,AIML,3rd Year,6.6,6.4,6.7,Medium,7,5,8,6,5,0.8,Poor,83.8,7.35,Average,Medium
STU00142,19,Female,CSE,3rd Year,6.6,6.5,5.7,Low,3,3,3,4,8,2.0,Good,76.2,8.58,Good,Low
STU00143,20,Female,CIVIL,2nd Year,2.7,7.6,5.2,Low,3,4,2,3,7,1.2,Good,78.0,7.68,Good,Low
STU00144,21,Female,CSE,4th Year,2.2,7.7,5.1,Low,5,6,3,2,8,2.2,Average,80.7,7.9,Poor,Low
STU00145,25,Male,AIDS,2nd Year,3.6,6.4,7.3,High,9,8,9,2,7,0.9,Poor,85.9,7.36,Good,High
STU00146,24,Male,ECE,4th Year,3.3,6.7,8.6,High,8,7,5,6,4,1.5,Poor,72.4,6.52,Good,Low
STU00147,18,Female,AIDS,4th Year,7.4,6.0,3.2,Low,2,3,1,4,7,1.4,Good,97.9,9.77,Average,Low
STU00148,19,Female,ECE,2nd Year,7.8,7.3,4.0,High,10,7,8,9,4,1.1,Poor,70.9,7.89,Good,High
STU00149,24,Male,AIDS,4th Year,3.5,4.6,5.0,High,9,8,9,8,4,1.3,Poor,80.2,7.55,Good,High
STU00150,18,Female,CSE,2nd Year,7.8,7.3,2.8,Low,7,2,6,1,8,0.8,Good,79.8,8.55,Good,Medium
STU00151,24,Male,CSE,3rd Year,6.7,8.7,2.0,Low,1,2,1,1,10,3.0,Good,91.8,9.94,Average,Low
STU00152,20,Female,ECE,1st Year,2.0,7.2,4.0,Low,7,2,9,3,10,0.8,Average,73.3,8.33,Good,Low
STU00153,25,Male,AIML,2nd Year,3.4,5.0,6.2,High,7,8,8,6,2,1.2,Poor,88.5,7.78,Good,High
STU00154,20,Male,CSE,1st Year,2.4,4.9,7.0,High,10,8,9,7,3,1.9,Poor,69.3,6.83,Average,Medium
STU00155,21,Male,CSE,1st Year,4.6,7.5,4.7,Low,3,4,2,2,10,2.3,Average,73.5,7.76,Good,Low
STU00156,23,Male,AIML,1st Year,5.5,6.3,5.8,High,10,7,10,1,3,0.1,Poor,61.1,6.25,Good,High
STU00157,19,Male,CSE,2nd Year,4.5,7.0,4.5,High,1,1,1,4,10,2.2,Good,91.3,8.41,Good,High
STU00158,22,Male,CSE,3rd Year,1.3,7.4,5.6,Medium,6,4,5,4,8,2.3,Average,80.0,8.18,Good,Medium
STU00159,22,Male,CIVIL,2nd Year,2.3,5.7,6.9,Medium,4,4,2,1,9,1.2,Poor,89.1,8.32,Average,Medium
STU00160,24,Female,AIML,2nd Year,5.8,6.7,7.3,High,7,5,8,7,7,0.9,Poor,74.9,7.91,Poor,High
STU00161,25,Male,CIVIL,4th Year,6.4,5.3,5.9,High,9,8,10,7,5,0.8,Poor,85.5,7.38,Average,High
STU00162,23,Female,CIVIL,4th Year,1.6,6.3,7.8,High,10,4,7,4,2,1.5,Poor,74.6,7.71,Average,High
STU00163,21,Female,CSE,1st Year,2.4,7.5,4.3,Medium,4,2,4,2,7,1.1,Average,96.3,8.76,Average,Low
STU00164,21,Male,ECE,2nd Year,7.1,7.4,7.0,Medium,6,4,9,7,8,1.5,Poor,70.5,6.44,Good,High
STU00165,21,Male,ECE,3rd Year,2.9,6.7,6.6,High,8,7,6,5,3,1.0,Average,67.7,7.7,Good,High
STU00166,24,Female,ECE,3rd Year,4.6,7.2,3.5,Low,1,2,4,1,10,2.1,Average,82.9,9.52,Average,Low
STU00167,20,Female,CSE,2nd Year,2.1,8.3,3.5,Low,3,2,1,6,6,2.1,Average,82.3,8.2,Good,Low
STU00168,19,Male,CSE,3rd Year,6.8,8.2,6.0,High,9,9,8,5,3,1.5,Poor,67.4,6.19,Average,Medium
STU00169,20,Female,CSE,1st Year,1.3,7.6,3.9,Medium,6,4,5,5,8,1.6,Poor,86.1,7.38,Average,High
STU00170,18,Male,ECE,2nd Year,4.1,7.5,2.0,Medium,6,4,3,4,8,2.7,Average,85.7,7.27,Poor,Medium
STU00171,18,Male,CIVIL,3rd Year,6.6,6.2,4.1,Low,3,4,1,2,6,2.1,Average,84.1,7.73,Average,Low
STU00172,18,Female,ECE,3rd Year,6.2,6.0,5.8,High,7,5,6,5,4,0.9,Poor,84.6,7.23,Average,High
STU00173,24,Male,ECE,4th Year,4.1,7.5,6.5,Medium,7,7,3,8,3,2.3,Average,68.9,8.28,Good,Medium
STU00174,23,Female,CIVIL,1st Year,3.4,6.9,4.8,Low,2,5,4,1,10,2.2,Good,93.5,8.82,Good,Low
STU00175,23,Male,ECE,1st Year,5.1,5.8,6.5,High,9,7,10,8,3,0.9,Poor,63.9,7.4,Average,Medium
STU00176,21,Female,CSE,1st Year,2.9,7.5,5.2,High,7,8,9,3,2,1.6,Poor,72.9,8.12,Poor,Low
STU00177,23,Male,AIDS,1st Year,4.7,7.1,4.7,Low,5,5,4,5,7,1.0,Poor,68.4,7.55,Poor,Low
STU00178,19,Male,AIML,1st Year,4.8,6.0,3.7,Medium,3,4,3,5,8,0.8,Average,88.6,8.1,Good,Low
STU00179,25,Male,CSE,2nd Year,4.3,8.6,2.8,Medium,7,6,5,6,5,1.4,Average,66.9,8.84,Good,Low
STU00180,22,Male,Cyber,2nd Year,6.5,9.0,2.2,Low,2,2,6,1,8,1.6,Good,77.5,8.59,Average,Low
STU00181,25,Female,CIVIL,3rd Year,3.2,7.1,7.3,Low,8,1,5,5,6,2.5,Poor,71.5,7.96,Average,Low
STU00182,19,Male,AIML,2nd Year,1.6,8.7,6.4,Low,3,5,1,1,7,1.5,Good,87.0,7.75,Average,Medium
STU00183,21,Male,Cyber,1st Year,4.0,6.6,6.1,High,8,4,7,4,6,1.5,Poor,81.0,7.65,Good,High
STU00184,23,Male,CSE,3rd Year,4.9,8.1,4.1,Low,4,2,5,1,9,2.0,Good,93.8,7.81,Average,Medium
STU00185,21,Male,CSE,1st Year,4.5,7.0,2.4,Low,3,2,5,1,10,2.6,Average,86.2,9.17,Poor,Low
STU00186,21,Female,CSE,4th Year,5.1,4.7,6.5,High,9,6,10,9,5,0.4,Poor,82.3,6.61,Average,Medium
STU00187,19,Male,AIDS,1st Year,3.0,9.0,6.0,High,7,5,7,6,5,0.6,Average,84.8,8.33,Average,High
STU00188,21,Female,AIDS,3rd Year,3.3,5.4,6.5,Medium,6,5,6,4,7,2.2,Average,73.5,8.01,Average,Medium
STU00189,19,Male,CSE,4th Year,3.6,8.2,4.3,Low,3,1,1,2,10,2.2,Good,85.7,7.57,Poor,Low
STU00190,20,Female,AIML,3rd Year,3.8,7.4,6.2,Low,3,4,4,1,6,2.2,Poor,96.8,8.8,Good,Low
STU00191,23,Male,CSE,3rd Year,7.1,7.0,8.1,High,10,6,7,7,5,1.8,Poor,89.7,7.83,Average,High
STU00192,23,Male,CSE,3rd Year,5.5,6.6,4.8,Medium,8,7,6,5,7,2.0,Average,87.7,7.22,Average,Medium
STU00193,22,Female,Cyber,1st Year,3.5,7.9,6.9,Low,1,1,1,6,10,2.0,Good,99.3,8.82,Average,Low
STU00194,20,Female,ECE,3rd Year,7.0,6.8,2.8,High,9,4,5,7,3,1.1,Poor,84.8,7.54,Average,High
STU00195,25,Female,ECE,4th Year,5.9,7.0,4.5,Medium,5,6,5,5,8,0.3,Average,83.0,7.76,Good,Medium
STU00196,18,Male,AIML,4th Year,2.9,6.1,6.6,High,9,6,10,3,6,0.5,Poor,76.6,7.12,Good,Medium
STU00197,20,Male,Cyber,2nd Year,1.0,7.1,5.3,Medium,3,2,7,6,8,1.8,Average,98.5,7.58,Poor,Low
STU00198,18,Female,CSE,2nd Year,2.1,6.8,2.9,Low,4,1,1,5,9,1.9,Average,88.4,7.81,Good,Low
STU00199,20,Male,CSE,3rd Year,5.8,9.0,3.7,Low,1,2,4,2,8,1.2,Good,88.4,8.74,Good,Medium
STU00200,25,Female,CIVIL,3rd Year,6.3,7.9,7.1,Low,1,2,2,3,7,1.9,Average,73.3,8.38,Good,Low
STU00201,20,Female,AIDS,1st Year,2.2,6.6,5.2,High,7,6,8,8,5,2.0,Poor,67.2,7.57,Average,High
STU00202,25,Female,CIVIL,1st Year,5.5,7.7,2.0,Low,2,1,2,5,8,2.4,Good,100.0,8.69,Average,Low
STU00203,21,Female,CIVIL,1st Year,6.0,6.1,7.0,Medium,6,5,2,6,4,1.0,Average,89.0,8.19,Poor,Low
STU00204,23,Female,ECE,2nd Year,7.9,6.8,7.6,High,9,9,9,10,7,1.7,Poor,73.9,7.18,Good,High
STU00205,21,Male,CIVIL,1st Year,6.7,6.7,6.6,Medium,7,2,6,6,6,1.1,Poor,82.6,7.59,Good,Medium
STU00206,20,Male,AIML,1st Year,7.7,6.9,6.3,Medium,8,4,8,9,5,2.0,Average,67.1,8.6,Average,Medium
STU00207,24,Female,CSE,1st Year,5.5,6.5,2.0,Low,3,3,4,2,9,1.9,Average,86.0,8.93,Average,Low
STU00208,25,Male,CSE,4th Year,5.4,9.0,3.9,Low,5,4,5,1,8,2.1,Good,77.5,8.03,Poor,Low
STU00209,20,Male,CSE,1st Year,4.8,6.8,4.5,High,8,4,8,5,3,1.9,Poor,73.2,6.6,Poor,High
STU00210,24,Male,CSE,1st Year,6.5,6.7,5.6,Medium,5,6,7,6,6,0.7,Average,87.0,7.08,Good,Low
STU00211,20,Female,AIML,2nd Year,2.6,7.2,6.1,Medium,7,7,6,8,6,0.9,Average,85.2,7.45,Average,Medium
STU00212,23,Female,ECE,1st Year,4.5,8.1,5.6,Low,4,2,2,5,7,1.7,Average,99.7,8.44,Good,Low
STU00213,24,Female,AIDS,4th Year,6.0,5.5,5.2,Medium,7,7,6,8,7,1.4,Poor,83.9,8.03,Good,High
STU00214,21,Male,ECE,4th Year,7.2,8.9,5.1,Low,5,3,4,3,8,3.0,Good,67.3,8.29,Good,Low
STU00215,23,Male,CSE,2nd Year,4.4,6.6,5.1,High,8,7,8,9,5,0.6,Average,92.3,7.84,Good,Medium
STU00216,20,Male,AIDS,2nd Year,7.4,4.7,8.9,High,10,8,10,10,3,0.0,Poor,63.0,6.52,Poor,High
STU00217,18,Male,AIML,2nd Year,4.8,5.5,6.5,High,8,7,6,8,5,0.8,Poor,81.1,8.59,Good,High
STU00218,18,Female,CSE,1st Year,6.6,8.0,3.6,Low,5,5,3,5,7,1.8,Good,85.7,8.11,Good,Low
STU00219,21,Female,AIML,2nd Year,2.9,8.4,3.6,High,3,3,1,2,10,2.7,Good,95.3,8.82,Average,Medium
STU00220,25,Male,AIML,1st Year,5.9,8.2,5.1,Low,3,4,2,1,7,1.7,Good,90.0,8.16,Average,Low
STU00221,19,Male,AIML,1st Year,5.2,6.0,6.7,High,9,7,10,6,1,1.0,Poor,75.5,7.6,Average,High
STU00222,21,Male,AIDS,3rd Year,2.6,6.5,3.2,Medium,5,7,5,6,9,2.9,Average,76.1,9.17,Average,Medium
STU00223,23,Female,AIDS,1st Year,4.6,7.5,5.1,Medium,6,6,3,4,6,1.6,Average,100.0,7.64,Average,Low
STU00224,19,Female,ECE,1st Year,7.5,6.3,6.5,High,8,7,6,4,4,1.4,Poor,84.3,7.27,Poor,Medium
STU00225,23,Male,CSE,2nd Year,3.5,6.0,5.5,High,10,6,10,7,5,2.0,Poor,75.7,6.89,Good,Medium
STU00226,20,Female,AIDS,2nd Year,2.3,9.0,3.7,Low,3,2,5,4,6,1.2,Average,97.6,7.81,Poor,Medium
STU00227,24,Male,ECE,1st Year,5.6,7.8,5.5,Medium,2,2,5,6,5,1.2,Poor,75.2,7.71,Poor,Medium
STU00228,22,Male,CSE,1st Year,2.0,7.6,6.3,Medium,8,4,5,5,9,1.2,Good,88.6,7.24,Average,Low
STU00229,22,Female,ECE,1st Year,7.7,9.0,7.4,Medium,6,6,6,7,5,1.4,Average,80.4,8.19,Average,High
STU00230,19,Male,Cyber,1st Year,7.6,7.5,5.5,Medium,5,4,6,5,7,0.7,Poor,87.8,9.13,Good,Medium
STU00231,21,Male,Cyber,4th Year,7.0,6.7,4.0,High,8,5,8,2,3,1.4,Poor,83.5,7.84,Average,Medium
STU00232,24,Female,CSE,4th Year,5.0,6.1,8.0,High,9,5,6,7,6,1.6,Average,62.5,7.62,Average,High
STU00233,18,Male,Cyber,2nd Year,8.5,5.2,8.5,High,10,8,9,7,2,0.7,Poor,61.0,7.48,Average,High
STU00234,24,Female,CSE,2nd Year,7.5,4.7,3.0,High,9,7,9,10,7,1.5,Poor,92.7,8.39,Average,High
STU00235,21,Male,CSE,3rd Year,4.3,6.9,4.9,High,7,5,9,7,4,1.2,Poor,74.8,8.25,Good,Medium
STU00236,23,Male,CSE,3rd Year,7.3,6.2,3.6,Low,2,3,3,2,10,1.2,Poor,100.0,8.65,Good,Low
STU00237,23,Male,CIVIL,1st Year,3.5,7.3,6.8,High,4,6,9,3,5,1.5,Poor,90.1,7.78,Average,High
STU00238,21,Male,AIML,1st Year,4.5,7.2,2.0,Medium,5,2,3,5,5,2.1,Average,83.5,7.57,Good,Medium
STU00239,20,Male,AIML,2nd Year,1.9,6.7,5.4,Medium,8,8,8,4,6,0.5,Poor,77.8,8.02,Average,High
STU00240,23,Male,AIML,3rd Year,5.4,6.4,6.8,High,9,6,9,4,5,2.1,Poor,92.1,7.38,Good,Medium
STU00241,19,Female,CIVIL,1st Year,4.5,8.0,2.0,Medium,7,4,4,5,3,0.8,Average,98.6,7.57,Average,Medium
STU00242,22,Male,ECE,2nd Year,4.8,6.6,8.3,High,10,10,10,6,1,0.0,Poor,68.9,7.21,Average,High
STU00243,18,Male,CIVIL,2nd Year,5.1,6.0,7.6,High,8,7,10,6,3,1.1,Poor,87.9,8.43,Good,High
STU00244,23,Male,AIML,1st Year,4.3,5.3,5.2,High,8,7,10,8,7,1.4,Poor,84.9,7.98,Good,High
STU00245,23,Male,CSE,2nd Year,5.3,7.2,4.4,High,7,4,6,8,6,1.7,Poor,88.2,7.76,Average,High
STU00246,18,Male,Cyber,3rd Year,7.8,5.0,5.7,High,9,9,10,10,3,1.2,Poor,74.9,6.96,Good,High
STU00247,24,Female,AIML,2nd Year,2.7,6.2,2.0,High,5,5,2,1,9,1.7,Average,83.1,9.06,Good,High
STU00248,21,Male,AIDS,1st Year,6.9,6.5,6.0,High,7,5,7,9,1,1.1,Poor,67.4,7.45,Average,High
STU00249,24,Female,AIDS,1st Year,5.1,8.4,4.6,Low,4,3,3,5,7,1.7,Average,76.0,7.98,Good,Low
STU00250,18,Female,Cyber,4th Year,5.5,6.7,3.1,Low,3,2,4,9,8,1.8,Good,99.8,8.59,Good,Low
STU00251,19,Male,CIVIL,2nd Year,5.1,6.9,7.0,Medium,8,10,5,10,6,1.3,Good,79.6,7.5,Average,Medium
STU00252,21,Male,Cyber,1st Year,4.0,5.7,6.4,High,9,9,9,8,3,0.8,Poor,67.3,6.96,Average,High
STU00253,19,Male,AIML,1st Year,5.5,8.1,4.5,Low,3,3,4,1,8,1.7,Good,95.2,8.04,Good,Low
STU00254,20,Female,Cyber,4th Year,5.8,8.1,4.2,Low,3,2,5,3,8,0.7,Average,80.5,7.73,Good,Low
STU00255,23,Male,CSE,3rd Year,3.6,6.5,6.3,Medium,6,3,5,4,6,1.9,Poor,76.4,7.15,Average,Medium
STU00256,19,Female,AIDS,4th Year,2.5,6.0,6.7,Medium,5,5,5,5,8,1.7,Poor,99.4,7.34,Poor,Medium
STU00257,23,Female,CSE,3rd Year,5.4,5.0,5.4,High,8,4,7,9,5,0.0,Poor,67.5,8.09,Average,High
STU00258,18,Female,AIML,2nd Year,7.2,5.7,9.3,High,10,8,10,9,1,0.7,Poor,68.4,7.3,Good,High
STU00259,19,Male,ECE,2nd Year,6.9,5.5,6.6,High,7,5,8,6,8,1.3,Poor,75.4,7.38,Good,High
STU00260,22,Female,CSE,1st Year,7.0,7.5,5.1,Low,5,4,4,6,9,1.2,Poor,79.3,8.69,Poor,Low
STU00261,24,Male,CSE,3rd Year,5.3,8.2,6.2,Low,2,3,1,1,10,1.4,Good,76.1,8.41,Good,Medium
STU00262,19,Male,ECE,3rd Year,4.4,6.5,4.0,Low,4,3,4,4,6,1.2,Average,83.9,7.82,Good,High
STU00263,20,Male,CSE,1st Year,4.8,7.2,3.8,Low,4,4,4,2,5,1.3,Average,79.2,7.47,Average,Medium
STU00264,25,Female,Cyber,4th Year,2.9,7.4,4.6,High,10,5,8,6,5,0.9,Average,84.6,7.9,Poor,High
STU00265,25,Female,AIML,2nd Year,3.9,5.8,6.5,Medium,6,6,8,4,5,2.3,Poor,79.6,8.74,Average,Medium
STU00266,22,Female,AIML,1st Year,4.8,6.2,4.4,Medium,6,4,7,4,9,1.9,Poor,81.6,8.04,Poor,High
STU00267,21,Male,CSE,2nd Year,5.0,5.5,6.1,High,9,9,10,9,1,1.9,Poor,66.1,7.75,Average,High
STU00268,20,Female,AIDS,4th Year,5.0,8.4,6.7,Low,1,5,5,6,7,1.9,Average,96.8,8.16,Good,Medium
STU00269,22,Male,CIVIL,4th Year,2.5,8.3,7.4,Low,4,4,3,3,7,1.9,Poor,88.4,8.4,Good,Low
STU00270,22,Male,CSE,2nd Year,3.1,6.4,5.3,Medium,10,5,8,7,5,0.8,Average,73.7,7.48,Average,Medium
STU00271,20,Female,CIVIL,4th Year,6.6,5.7,4.2,Medium,8,4,6,3,5,1.1,Poor,67.1,6.28,Good,Low
STU00272,18,Male,ECE,4th Year,3.8,7.1,8.8,High,10,4,8,8,5,1.0,Poor,61.1,6.9,Good,High
STU00273,19,Male,ECE,4th Year,3.9,5.1,6.2,Medium,7,5,10,4,7,1.7,Average,89.2,7.89,Poor,High
STU00274,25,Female,ECE,4th Year,5.4,6.4,6.7,High,5,6,8,7,7,1.1,Poor,84.5,8.27,Average,High
STU00275,21,Male,ECE,2nd Year,3.2,7.1,4.7,Low,3,2,3,4,7,1.9,Average,93.4,8.05,Good,Low
STU00276,21,Male,AIDS,3rd Year,7.2,7.5,5.0,High,8,5,8,7,4,1.4,Poor,76.9,7.74,Good,High
STU00277,21,Male,Cyber,3rd Year,3.0,7.6,5.5,High,8,8,7,10,7,1.0,Poor,84.4,7.27,Average,High
STU00278,24,Male,Cyber,3rd Year,5.4,5.1,7.4,High,9,9,7,7,2,0.7,Poor,83.4,8.39,Good,High
STU00279,18,Female,AIML,1st Year,3.2,7.9,3.1,Low,2,1,5,1,10,1.7,Good,88.9,9.19,Good,Low
STU00280,18,Female,CSE,3rd Year,5.1,6.8,4.9,Medium,6,3,5,8,10,2.4,Poor,83.2,7.82,Good,Low
STU00281,20,Male,ECE,4th Year,4.3,6.1,6.0,High,7,7,8,5,7,1.0,Poor,70.5,6.71,Good,High
STU00282,21,Male,CSE,2nd Year,4.3,8.8,2.0,Low,1,1,1,1,10,2.6,Good,97.3,7.79,Poor,Low
STU00283,23,Male,AIML,4th Year,7.3,6.2,7.8,High,7,4,6,6,2,1.2,Poor,84.3,8.25,Poor,High
STU00284,21,Female,CSE,2nd Year,4.0,6.4,6.9,High,8,6,10,9,3,1.7,Poor,74.0,7.57,Poor,Low
STU00285,21,Female,CSE,1st Year,3.6,8.0,5.1,Medium,4,5,5,5,8,0.6,Average,82.3,7.58,Good,Low
STU00286,25,Female,ECE,1st Year,4.3,8.4,5.5,Medium,4,5,1,8,6,1.8,Average,82.2,8.16,Good,Medium
STU00287,19,Male,ECE,4th Year,7.4,7.7,2.0,Low,6,2,7,2,7,1.2,Good,93.2,7.78,Good,Low
STU00288,22,Male,Cyber,3rd Year,4.7,7.2,4.1,Medium,6,5,5,6,8,1.9,Poor,73.4,8.4,Poor,High
STU00289,22,Male,CSE,2nd Year,7.1,6.1,2.8,Low,6,4,5,6,7,1.6,Average,75.4,7.89,Average,Medium
STU00290,21,Female,Cyber,3rd Year,4.5,8.6,4.7,Medium,4,2,6,4,5,0.9,Average,76.4,7.44,Average,Medium
STU00291,24,Male,AIML,2nd Year,7.0,7.7,5.0,Low,3,3,5,8,9,1.9,Average,84.1,8.05,Average,Low
STU00292,20,Female,AIDS,2nd Year,5.7,7.1,5.1,Low,7,3,6,2,7,1.7,Average,85.7,7.85,Average,Low
STU00293,25,Female,ECE,4th Year,5.9,7.0,6.5,Medium,6,6,4,7,6,1.5,Poor,74.7,8.17,Good,Medium
STU00294,20,Male,Cyber,3rd Year,2.9,6.1,4.9,High,10,10,8,10,4,0.8,Poor,80.8,7.92,Poor,High
STU00295,22,Male,Cyber,3rd Year,2.0,7.7,3.8,Low,4,3,5,3,7,1.7,Average,95.5,8.63,Good,Medium
STU00296,22,Male,CIVIL,3rd Year,7.0,7.4,6.0,Medium,5,4,8,3,8,2.0,Average,83.8,8.03,Good,High
STU00297,24,Male,AIDS,4th Year,6.8,8.6,5.0,Medium,5,5,3,4,7,1.5,Good,93.6,8.18,Good,Medium
STU00298,21,Male,Cyber,1st Year,9.2,7.3,3.0,Low,6,6,3,6,9,2.3,Poor,77.3,7.94,Poor,Medium
STU00299,20,Female,Cyber,1st Year,1.9,9.0,5.2,Low,1,1,3,1,6,2.1,Good,82.5,7.27,Good,Medium
STU00300,18,Male,CSE,1st Year,5.5,8.6,5.8,Low,1,2,1,5,9,2.8,Good,93.2,8.49,Good,Low
STU00301,20,Male,CIVIL,3rd Year,2.9,7.4,4.7,Low,5,3,2,6,8,1.8,Average,87.1,7.74,Average,Low
STU00302,24,Female,AIML,3rd Year,3.7,5.2,3.4,High,6,4,5,9,5,1.1,Poor,74.0,8.39,Good,High
STU00303,18,Female,AIML,3rd Year,4.4,6.3,6.4,High,10,7,8,8,6,0.5,Poor,88.6,7.54,Good,Medium
STU00304,25,Male,CIVIL,2nd Year,5.2,9.0,4.0,Low,2,1,1,2,10,2.1,Average,92.4,8.95,Average,Low
STU00305,22,Female,ECE,1st Year,3.7,6.4,4.4,Medium,4,3,4,8,4,1.3,Average,90.1,7.82,Average,Medium
STU00306,19,Female,CSE,3rd Year,4.7,7.6,5.7,Low,3,2,3,4,9,2.8,Good,82.8,7.92,Average,Low
STU00307,20,Female,CSE,4th Year,6.4,7.1,4.8,Low,5,2,5,4,8,1.1,Good,96.6,8.54,Poor,High
STU00308,22,Female,CSE,2nd Year,7.3,7.1,8.9,High,10,4,9,4,3,0.7,Poor,75.9,7.83,Good,High
STU00309,20,Male,ECE,1st Year,6.1,6.7,5.8,Medium,6,5,7,3,6,2.0,Average,92.2,8.38,Poor,Medium
STU00310,18,Female,CSE,2nd Year,5.8,6.0,5.5,High,8,4,8,6,4,2.2,Poor,77.6,7.88,Average,High
STU00311,23,Male,CIVIL,2nd Year,5.1,6.5,7.7,High,10,10,10,8,3,1.4,Poor,76.8,7.9,Average,High
STU00312,23,Female,CIVIL,1st Year,4.1,5.9,7.6,High,6,8,6,4,5,1.9,Poor,84.4,8.13,Average,High
STU00313,18,Female,Cyber,2nd Year,5.8,5.6,5.7,Low,4,3,3,5,9,1.7,Poor,100.0,7.16,Average,Low
STU00314,20,Male,ECE,3rd Year,3.1,8.4,5.2,Medium,6,8,6,8,6,1.4,Good,77.8,7.6,Good,Medium
STU00315,19,Male,AIML,2nd Year,5.0,8.1,3.6,Medium,6,5,4,4,6,2.9,Average,87.3,8.76,Average,High
STU00316,23,Female,CSE,2nd Year,3.2,8.3,4.1,Medium,8,5,8,7,6,2.3,Average,84.8,7.18,Poor,Low
STU00317,23,Female,AIDS,1st Year,5.1,7.3,2.5,High,7,2,8,6,5,1.7,Poor,68.4,6.71,Good,Medium
STU00318,23,Male,CSE,4th Year,2.8,8.2,4.2,Low,2,3,2,3,7,2.6,Average,70.8,8.0,Good,High
STU00319,25,Female,CSE,2nd Year,4.3,7.0,4.9,High,8,5,7,3,4,1.9,Poor,73.2,8.03,Average,High
STU00320,24,Female,AIML,2nd Year,3.8,6.7,4.7,Low,6,5,7,8,7,0.9,Good,90.3,7.72,Average,Low
STU00321,20,Male,CSE,1st Year,3.7,7.0,7.0,High,7,5,8,1,6,1.3,Poor,93.3,8.53,Poor,High
STU00322,18,Male,Cyber,3rd Year,5.1,5.8,5.8,High,10,5,7,10,6,2.0,Poor,70.9,8.6,Poor,High
STU00323,22,Male,ECE,4th Year,1.0,5.6,8.1,Medium,6,5,5,9,4,1.7,Average,70.1,6.41,Average,Low
STU00324,25,Female,AIDS,1st Year,1.7,6.7,4.2,Low,4,5,4,1,7,1.6,Poor,95.6,7.76,Good,Low
STU00325,25,Male,ECE,1st Year,6.7,7.4,4.8,Medium,8,6,7,8,3,2.0,Poor,73.3,6.4,Good,High
STU00326,19,Female,AIDS,1st Year,5.0,6.2,2.8,Medium,3,3,4,7,6,2.0,Poor,83.0,8.54,Average,Low
STU00327,19,Male,AIML,3rd Year,3.4,6.4,5.0,Low,4,1,3,6,8,2.4,Good,99.6,8.01,Good,Low
STU00328,18,Female,AIDS,4th Year,6.0,9.0,3.8,Low,1,1,1,1,10,2.8,Good,100.0,8.78,Average,Low
STU00329,19,Male,Cyber,2nd Year,3.8,6.5,4.4,Medium,5,3,5,4,4,1.8,Poor,89.8,8.59,Average,Medium
STU00330,22,Male,AIML,2nd Year,3.8,7.7,3.1,Low,3,4,4,1,6,2.1,Good,72.0,7.26,Average,Medium
STU00331,22,Female,CIVIL,3rd Year,3.7,7.5,7.5,Low,6,4,5,7,5,2.1,Poor,70.1,6.76,Average,Low
STU00332,20,Male,AIML,3rd Year,7.9,8.3,2.0,Low,1,1,2,2,10,3.0,Average,99.8,7.54,Good,Low
STU00333,20,Male,CSE,1st Year,5.3,6.6,5.9,Medium,4,7,4,1,6,1.5,Average,87.5,8.87,Average,Medium
STU00334,24,Female,AIML,1st Year,5.5,7.7,4.9,High,7,5,6,7,6,1.5,Good,73.7,8.3,Good,High
STU00335,21,Female,AIML,2nd Year,5.6,8.0,4.8,Low,4,2,3,4,8,2.6,Good,83.9,8.1,Average,Low
STU00336,24,Female,AIML,3rd Year,1.8,6.6,7.0,High,10,7,7,5,5,1.3,Poor,89.0,7.01,Good,High
STU00337,25,Male,Cyber,3rd Year,3.8,7.1,5.3,Low,4,1,3,4,7,1.0,Average,96.7,8.62,Good,Low
STU00338,20,Female,CIVIL,3rd Year,5.8,7.2,4.8,High,6,6,5,4,4,1.0,Average,82.1,9.49,Average,High
STU00339,19,Female,AIML,4th Year,5.1,6.2,7.6,High,8,7,7,4,4,0.8,Average,73.8,7.55,Poor,Medium
STU00340,25,Male,Cyber,2nd Year,9.2,4.8,6.4,High,8,7,7,6,7,0.9,Poor,75.5,7.14,Good,High
STU00341,23,Male,AIML,2nd Year,4.1,7.4,10.0,Low,6,1,3,6,8,1.1,Poor,92.3,8.64,Average,Low
STU00342,20,Female,AIDS,1st Year,6.5,7.9,2.3,Low,4,3,2,7,9,2.4,Average,96.3,7.74,Average,Low
STU00343,22,Male,CSE,4th Year,6.3,5.0,2.6,Medium,5,2,4,8,9,1.5,Average,85.6,7.95,Good,High
STU00344,22,Female,CSE,3rd Year,5.4,6.9,7.1,Low,6,7,5,5,2,2.0,Average,74.9,6.24,Poor,Low
STU00345,25,Female,Cyber,2nd Year,5.3,8.9,4.2,Medium,3,4,3,8,6,1.2,Poor,95.3,8.19,Average,Medium
STU00346,20,Female,ECE,1st Year,4.4,5.9,6.1,Medium,6,5,7,6,6,1.4,Poor,95.8,7.37,Average,Medium
STU00347,25,Male,AIDS,3rd Year,1.4,6.9,3.4,Low,2,2,3,4,10,1.7,Poor,72.1,8.44,Average,Medium
STU00348,25,Male,ECE,3rd Year,5.6,6.7,5.2,High,8,7,5,6,6,2.0,Average,80.6,7.43,Average,Medium
STU00349,19,Male,AIDS,3rd Year,5.5,8.8,4.9,Low,7,3,6,3,9,2.5,Average,95.8,8.79,Average,Low
STU00350,19,Male,AIML,1st Year,5.6,8.8,2.8,Low,2,4,2,3,10,1.9,Average,90.9,8.5,Poor,Low
STU00351,22,Female,CSE,4th Year,5.2,5.7,6.0,Medium,7,6,6,2,6,1.9,Average,75.7,7.79,Poor,Low
STU00352,18,Female,CSE,3rd Year,7.0,6.6,4.3,High,10,7,7,10,5,0.2,Poor,79.1,8.01,Poor,High
STU00353,20,Male,CSE,3rd Year,3.0,9.0,4.1,Low,1,1,2,6,7,2.6,Good,93.0,8.4,Good,Low
STU00354,21,Male,AIML,3rd Year,7.7,6.0,7.4,High,8,7,9,7,2,0.6,Poor,71.3,7.49,Average,High
STU00355,25,Female,Cyber,4th Year,3.5,6.2,4.6,Medium,7,7,7,4,6,1.4,Poor,77.9,7.05,Average,Medium
STU00356,25,Male,AIML,4th Year,5.0,6.9,4.0,High,10,8,6,8,4,1.9,Poor,82.3,8.04,Average,Medium
STU00357,19,Male,ECE,3rd Year,6.1,6.5,6.4,Medium,4,4,3,2,4,2.1,Poor,79.9,7.02,Good,Medium
STU00358,25,Male,Cyber,2nd Year,3.8,8.9,2.6,Medium,5,3,4,8,8,0.9,Average,80.0,9.03,Poor,Medium
STU00359,18,Female,ECE,2nd Year,6.4,6.3,6.4,Medium,6,6,4,5,7,1.2,Average,77.3,7.99,Average,Medium
STU00360,23,Male,ECE,4th Year,4.4,5.4,5.5,High,10,8,5,10,7,1.8,Poor,73.1,7.55,Good,High
STU00361,24,Female,AIML,3rd Year,5.2,6.3,4.7,Low,5,6,4,5,8,1.8,Poor,88.4,8.11,Average,Medium
STU00362,25,Male,AIML,1st Year,4.6,7.5,6.9,Medium,8,5,7,9,5,1.7,Average,74.9,7.55,Good,Medium
STU00363,19,Female,ECE,1st Year,3.7,6.7,5.4,Low,4,1,2,3,7,0.7,Good,88.4,8.12,Good,Medium
STU00364,25,Male,ECE,4th Year,9.2,6.8,5.9,Medium,7,7,7,7,5,2.0,Poor,77.1,7.34,Good,Medium
STU00365,18,Male,AIML,4th Year,3.6,7.0,2.8,Medium,7,4,4,6,7,2.1,Poor,74.2,7.85,Average,High
STU00366,22,Male,AIML,4th Year,1.0,5.6,6.3,High,6,5,6,8,3,1.5,Good,92.1,7.72,Poor,Medium
STU00367,21,Male,ECE,2nd Year,3.6,6.2,3.9,Medium,3,4,4,8,6,1.6,Average,80.5,7.91,Poor,Low
STU00368,20,Male,ECE,4th Year,5.7,6.2,6.4,High,10,6,9,6,5,1.2,Poor,69.1,8.17,Good,High
STU00369,18,Male,CSE,4th Year,4.2,7.8,4.6,Low,4,4,7,5,9,2.5,Average,78.7,7.58,Good,Low
STU00370,24,Male,Cyber,2nd Year,7.2,5.6,8.8,High,10,10,10,10,5,1.2,Poor,78.9,7.57,Good,Medium
STU00371,20,Male,CIVIL,1st Year,6.6,7.3,4.2,Low,5,3,4,4,9,1.7,Poor,91.9,7.4,Average,Low
STU00372,23,Female,CSE,4th Year,4.7,5.9,4.3,High,10,8,10,6,1,1.3,Poor,87.2,7.95,Good,High
STU00373,21,Male,AIDS,1st Year,2.3,6.8,8.2,High,9,10,7,8,7,1.1,Poor,75.1,7.36,Average,High
STU00374,20,Female,CSE,3rd Year,2.6,7.4,5.9,Medium,2,5,6,5,7,1.6,Poor,81.5,7.89,Good,Medium
STU00375,25,Female,Cyber,3rd Year,5.4,5.6,7.7,High,10,7,7,7,6,0.0,Poor,75.6,7.32,Average,Medium
STU00376,18,Male,Cyber,3rd Year,2.3,7.0,7.6,Medium,6,6,6,4,4,1.6,Poor,81.2,7.33,Poor,Medium
STU00377,23,Female,CSE,1st Year,4.1,6.9,6.7,Low,5,4,2,2,5,2.5,Average,79.8,9.47,Poor,Medium
STU00378,23,Female,CIVIL,3rd Year,7.5,7.4,3.7,Medium,6,6,5,3,9,2.2,Poor,95.4,8.3,Good,Low
STU00379,21,Female,Cyber,1st Year,5.9,6.6,4.4,High,9,8,8,7,3,1.6,Poor,77.1,7.76,Average,Medium
STU00380,20,Male,CIVIL,4th Year,5.3,8.4,7.1,High,8,2,7,10,4,1.1,Average,82.1,7.05,Average,Medium
STU00381,18,Male,AIML,1st Year,2.9,7.1,3.9,Low,3,2,5,4,9,2.0,Average,90.2,8.68,Average,Low
STU00382,25,Male,AIDS,3rd Year,5.3,6.7,4.9,Medium,5,4,4,4,8,2.2,Poor,85.9,7.95,Average,Medium
STU00383,25,Male,CIVIL,4th Year,4.6,6.1,3.9,Low,4,3,6,5,7,1.9,Good,73.1,8.0,Good,Low
STU00384,19,Female,Cyber,1st Year,5.3,6.1,5.5,Medium,4,1,6,3,7,2.5,Poor,84.2,8.6,Poor,Medium
STU00385,18,Female,CSE,1st Year,6.9,5.1,7.8,High,9,8,9,10,1,0.3,Poor,89.6,7.37,Poor,High
STU00386,18,Male,ECE,3rd Year,6.7,7.3,5.2,Medium,4,5,5,3,7,1.0,Average,93.6,7.68,Good,Medium
STU00387,18,Female,Cyber,1st Year,5.2,7.5,3.3,Medium,6,4,5,5,7,1.3,Poor,83.5,6.68,Average,Low
STU00388,24,Male,CIVIL,1st Year,6.2,6.4,7.8,High,9,5,9,7,2,0.6,Poor,73.7,7.35,Poor,High
STU00389,25,Female,Cyber,2nd Year,4.0,6.7,5.2,Low,5,4,7,1,9,0.9,Good,65.9,7.44,Poor,Medium
STU00390,19,Male,AIML,4th Year,7.3,5.8,7.6,High,7,7,7,3,1,1.4,Poor,73.5,7.04,Average,Medium
STU00391,23,Female,CSE,3rd Year,3.0,6.9,2.0,Low,1,1,1,3,10,2.3,Good,88.9,9.16,Average,Low
STU00392,19,Female,ECE,2nd Year,4.5,6.5,4.9,Low,4,6,3,5,6,1.8,Average,81.5,8.56,Poor,Low
STU00393,20,Male,CIVIL,4th Year,7.5,5.1,5.2,Medium,7,6,8,7,6,1.3,Poor,75.3,6.68,Average,High
STU00394,22,Male,CSE,2nd Year,4.5,7.2,6.7,High,9,6,9,10,4,0.1,Poor,79.9,7.52,Good,High
STU00395,23,Female,AIDS,2nd Year,2.4,8.9,5.7,Low,2,2,3,1,7,1.5,Good,77.5,7.51,Good,High
STU00396,24,Male,CIVIL,2nd Year,4.0,5.5,4.9,Low,5,3,3,2,8,1.7,Average,88.2,8.38,Good,Low
STU00397,18,Male,CSE,2nd Year,7.6,6.7,5.7,Medium,7,7,8,8,5,1.3,Average,78.6,7.42,Average,High
STU00398,19,Female,CSE,2nd Year,1.0,7.4,4.7,Medium,5,3,3,8,8,0.9,Poor,77.7,7.56,Average,Low
STU00399,20,Female,ECE,3rd Year,5.1,7.1,2.9,Medium,6,5,4,6,10,1.1,Average,96.6,8.68,Good,Low
STU00400,20,Male,ECE,1st Year,4.1,5.8,4.8,High,8,6,8,8,3,1.0,Poor,84.0,8.1,Good,High
STU00401,25,Male,CSE,3rd Year,4.6,8.0,6.2,Medium,5,7,1,1,2,2.3,Average,78.2,8.84,Average,Medium
STU00402,24,Male,AIDS,1st Year,3.9,8.3,2.8,Low,1,2,1,5,9,2.3,Average,95.0,8.43,Average,Low
STU00403,20,Female,Cyber,2nd Year,6.4,8.4,5.5,Low,2,1,1,4,8,2.5,Average,76.7,7.5,Average,Low
STU00404,25,Male,CIVIL,1st Year,5.1,6.1,6.3,High,8,6,7,7,6,1.4,Good,76.6,8.37,Average,Medium
STU00405,21,Male,AIDS,3rd Year,6.4,6.6,4.7,Low,2,3,1,2,8,2.2,Poor,100.0,9.2,Average,Low
STU00406,22,Male,AIDS,3rd Year,7.2,7.4,5.4,Low,7,4,4,3,8,1.9,Poor,86.1,8.5,Poor,Low
STU00407,21,Female,Cyber,2nd Year,4.7,6.7,3.4,Low,5,1,2,1,6,1.9,Good,90.4,7.97,Good,Low
STU00408,19,Male,AIML,1st Year,4.8,6.8,6.5,High,9,8,8,6,4,0.6,Poor,82.5,6.87,Average,High
STU00409,25,Female,Cyber,1st Year,6.2,4.0,8.0,High,10,9,10,10,4,0.0,Poor,77.1,7.62,Average,High
STU00410,18,Female,CSE,4th Year,5.8,7.0,2.0,Low,2,1,3,1,8,1.5,Good,84.6,7.79,Average,High
STU00411,19,Female,ECE,1st Year,3.0,6.1,7.0,Low,5,5,5,1,7,1.9,Average,88.3,7.64,Good,Low
STU00412,19,Female,CSE,3rd Year,5.2,7.0,3.7,Low,3,2,3,4,9,2.5,Average,72.8,9.71,Good,Low
STU00413,20,Female,Cyber,2nd Year,4.5,7.2,4.8,Medium,4,2,3,2,7,1.2,Average,78.1,9.11,Poor,Low
STU00414,19,Female,CSE,1st Year,4.7,6.2,6.7,High,8,7,8,9,3,0.0,Poor,73.1,7.75,Average,High
STU00415,18,Male,AIML,3rd Year,3.6,7.6,4.7,Low,5,6,5,2,8,2.2,Good,88.5,7.68,Good,Low
STU00416,23,Female,AIML,2nd Year,3.8,7.6,3.2,Medium,8,6,5,6,8,1.6,Average,80.7,7.53,Good,Low
STU00417,25,Female,ECE,1st Year,7.0,7.2,4.5,Low,5,5,1,8,9,1.1,Good,72.0,8.58,Average,Low
STU00418,18,Female,AIDS,4th Year,4.6,8.1,7.0,High,8,7,9,10,2,0.0,Average,61.4,8.2,Good,High
STU00419,20,Female,CSE,1st Year,6.2,9.0,2.0,Low,1,1,1,1,10,2.1,Good,96.1,8.75,Average,Low
STU00420,22,Female,AIDS,2nd Year,5.1,6.8,3.1,Medium,5,4,6,4,5,1.4,Poor,80.2,7.78,Poor,High
STU00421,25,Female,AIDS,2nd Year,2.9,6.7,6.3,Medium,6,3,6,7,7,0.9,Average,74.9,7.81,Poor,High
STU00422,23,Male,AIML,2nd Year,5.2,6.9,5.5,Low,4,2,5,3,8,2.1,Average,76.4,7.3,Average,Low
STU00423,24,Male,ECE,4th Year,3.1,6.7,6.4,High,8,5,10,7,4,0.8,Poor,79.2,6.81,Average,High
STU00424,22,Male,AIML,1st Year,6.4,5.3,5.4,High,9,9,8,7,3,1.1,Poor,87.0,7.06,Average,High
STU00425,21,Male,CSE,4th Year,4.3,6.9,4.9,Low,3,4,1,6,9,3.0,Average,89.4,8.65,Good,Low
STU00426,19,Male,Cyber,3rd Year,7.1,4.0,5.5,High,9,7,8,10,3,0.8,Poor,83.1,7.6,Average,High
STU00427,24,Male,CSE,4th Year,7.2,7.2,3.7,Low,2,2,5,5,10,1.9,Good,85.4,9.09,Good,Medium
STU00428,24,Male,AIDS,4th Year,2.2,7.0,4.7,High,9,6,10,6,7,1.0,Good,79.7,6.44,Poor,High
STU00429,18,Female,CIVIL,4th Year,4.2,6.6,5.1,Medium,7,5,5,5,7,1.8,Poor,92.1,7.1,Average,High
STU00430,23,Male,AIDS,3rd Year,2.7,7.0,3.4,Low,4,3,3,6,7,2.0,Average,83.0,8.21,Good,Low
STU00431,18,Female,ECE,2nd Year,8.8,7.3,5.8,Low,3,6,4,1,10,1.1,Average,84.0,7.77,Good,Low
STU00432,23,Female,Cyber,2nd Year,4.2,5.9,5.7,High,8,5,7,9,7,1.3,Poor,79.2,7.42,Good,High
STU00433,24,Male,CIVIL,3rd Year,2.7,6.7,4.6,High,8,6,4,7,5,1.1,Average,85.8,8.34,Good,High
STU00434,19,Male,AIML,2nd Year,8.8,8.1,5.8,Low,1,3,1,2,7,1.7,Good,93.4,8.18,Poor,Low
STU00435,21,Male,CSE,3rd Year,3.6,7.2,3.7,Medium,8,3,8,7,6,2.6,Poor,85.9,7.71,Poor,Medium
STU00436,18,Female,ECE,1st Year,1.9,8.1,4.5,Low,4,3,4,4,7,2.1,Average,83.6,7.86,Average,Low
STU00437,22,Male,AIML,4th Year,2.6,8.6,3.3,Low,3,4,3,1,9,1.9,Good,75.5,7.97,Poor,Medium
STU00438,25,Male,AIML,1st Year,5.1,7.8,5.4,Low,6,6,3,7,5,2.5,Good,85.3,8.56,Average,Medium
STU00439,18,Female,CSE,4th Year,4.8,6.8,5.0,Medium,6,1,4,4,7,2.0,Average,85.6,7.6,Average,Medium
STU00440,21,Female,ECE,1st Year,3.4,6.7,6.5,Medium,6,2,2,5,7,0.7,Poor,85.8,7.89,Good,Medium
STU00441,25,Male,AIML,1st Year,4.2,8.3,5.7,Medium,7,6,5,4,6,2.3,Good,81.0,8.39,Good,High
STU00442,20,Male,CSE,4th Year,5.1,7.0,2.0,Medium,4,6,6,5,6,1.4,Average,94.0,9.18,Good,Medium
STU00443,19,Male,CSE,4th Year,7.9,5.9,6.4,High,7,8,7,9,3,0.0,Poor,67.5,6.62,Good,High
STU00444,21,Male,AIML,3rd Year,5.0,7.2,5.2,Low,2,2,1,3,8,1.4,Good,79.3,8.69,Poor,Medium
STU00445,22,Male,AIDS,4th Year,4.1,6.5,5.2,Medium,9,4,6,7,4,2.0,Poor,70.7,7.53,Poor,Low
STU00446,23,Female,AIML,2nd Year,4.6,7.4,2.7,Low,5,4,5,4,6,0.6,Average,76.9,7.79,Good,Low
STU00447,20,Female,ECE,4th Year,6.6,6.4,6.5,High,7,3,7,9,6,2.0,Poor,87.0,7.39,Good,High
STU00448,25,Male,AIDS,2nd Year,8.2,5.9,6.5,Medium,6,6,6,3,5,1.3,Poor,68.4,8.16,Average,Medium
STU00449,22,Female,AIML,3rd Year,3.0,6.6,4.1,Low,5,1,3,7,5,2.0,Poor,73.4,8.17,Average,Low
STU00450,20,Male,AIDS,2nd Year,7.0,7.8,5.0,Medium,7,7,6,4,6,1.3,Poor,84.5,9.38,Average,Medium
STU00451,25,Female,ECE,1st Year,4.3,7.8,3.4,Medium,4,6,3,5,10,2.0,Poor,92.1,7.47,Average,Medium
STU00452,25,Female,Cyber,3rd Year,2.2,6.9,6.4,Medium,6,6,5,4,6,1.5,Poor,66.8,6.49,Average,Medium
STU00453,21,Female,CSE,3rd Year,1.3,8.2,3.6,Low,5,1,1,1,9,2.1,Good,76.3,9.33,Average,Low
STU00454,18,Female,CSE,1st Year,7.6,5.3,4.4,High,6,6,7,7,3,0.6,Poor,72.2,7.71,Good,High
STU00455,22,Male,CIVIL,4th Year,7.6,7.1,5.2,High,6,7,5,4,5,1.7,Poor,87.4,7.86,Good,High
STU00456,22,Male,AIDS,3rd Year,3.9,8.0,3.8,Low,3,4,1,4,7,0.7,Poor,85.3,8.14,Average,Low
STU00457,19,Male,CIVIL,1st Year,4.6,6.7,6.9,Medium,5,6,6,6,7,2.1,Poor,77.0,7.15,Good,High
STU00458,23,Male,CIVIL,3rd Year,1.8,7.8,6.2,Low,5,4,3,5,7,1.7,Poor,88.6,8.08,Good,Low
STU00459,24,Female,CSE,1st Year,6.7,6.6,6.2,High,10,6,8,8,5,1.3,Poor,77.2,7.55,Poor,High
STU00460,18,Male,AIDS,1st Year,5.8,5.8,8.2,High,10,10,10,10,1,0.0,Poor,66.6,7.49,Good,High
STU00461,23,Female,Cyber,3rd Year,2.5,6.2,7.6,High,8,4,8,9,3,0.5,Poor,63.6,7.74,Average,Medium
STU00462,19,Female,AIDS,1st Year,5.2,7.9,4.5,Low,4,7,6,3,10,1.4,Average,78.4,8.57,Average,Low
STU00463,23,Male,CSE,1st Year,2.7,5.1,6.8,High,6,6,8,5,4,1.7,Poor,94.8,7.86,Poor,High
STU00464,21,Male,AIML,3rd Year,6.2,6.5,7.7,High,9,7,9,7,3,0.7,Poor,76.3,8.62,Good,High
STU00465,18,Female,AIDS,1st Year,2.8,8.0,3.7,Low,4,2,4,5,5,3.0,Good,78.5,8.35,Good,High
STU00466,25,Female,AIDS,4th Year,5.3,7.8,6.2,Low,4,1,3,2,8,1.8,Average,84.6,8.02,Poor,Low
STU00467,19,Male,ECE,4th Year,3.8,7.8,6.9,Medium,6,7,3,8,8,1.0,Poor,83.2,7.44,Average,Medium
STU00468,22,Male,AIML,1st Year,1.0,6.2,6.3,High,7,4,7,6,4,1.1,Poor,85.4,7.14,Average,High
STU00469,19,Female,AIML,2nd Year,6.4,7.2,3.2,High,4,3,2,5,10,1.5,Good,94.2,8.89,Good,High
STU00470,25,Male,CIVIL,1st Year,6.7,5.7,4.9,Medium,6,4,6,5,7,1.1,Average,79.8,7.45,Average,Medium
STU00471,23,Female,Cyber,3rd Year,4.2,6.2,5.4,Medium,9,6,6,3,7,1.9,Average,89.6,7.88,Poor,Low
STU00472,24,Male,Cyber,1st Year,5.5,7.2,4.2,Low,6,4,6,4,5,1.8,Good,88.3,7.54,Good,Low
STU00473,21,Male,Cyber,4th Year,6.1,6.7,7.2,High,10,7,9,4,3,1.3,Poor,72.1,6.79,Average,High
STU00474,21,Male,AIML,1st Year,5.5,6.3,2.6,Low,3,1,4,4,9,2.7,Good,87.3,7.79,Average,Low
STU00475,23,Male,Cyber,3rd Year,8.7,6.6,6.9,High,10,10,10,8,3,0.9,Poor,76.2,7.38,Average,High
STU00476,24,Male,Cyber,1st Year,5.4,6.8,3.4,Low,4,3,3,1,8,1.5,Good,97.5,8.95,Average,Low
STU00477,24,Male,AIDS,1st Year,3.8,7.8,2.0,Low,2,1,1,1,10,2.6,Good,79.0,8.03,Average,Low
STU00478,18,Female,CIVIL,2nd Year,5.8,6.3,6.0,Medium,5,4,3,7,7,0.9,Average,82.8,6.84,Average,Low
STU00479,23,Male,CIVIL,3rd Year,3.9,7.8,3.9,Low,2,5,1,6,6,1.6,Good,86.9,9.97,Average,Medium
STU00480,18,Male,ECE,4th Year,3.1,6.9,6.9,Medium,6,3,7,5,6,1.5,Poor,77.6,8.41,Good,Low
STU00481,20,Male,Cyber,1st Year,7.2,7.5,4.8,High,5,2,6,4,6,1.4,Average,77.7,8.52,Average,High
STU00482,24,Male,ECE,1st Year,5.9,8.6,4.5,Medium,8,5,6,4,6,0.6,Poor,91.3,9.01,Good,High
STU00483,20,Female,AIDS,2nd Year,1.4,7.6,3.3,Low,5,3,3,7,8,1.3,Average,90.1,8.11,Average,Low
STU00484,24,Male,ECE,2nd Year,3.9,6.0,5.6,High,6,7,6,9,5,1.3,Poor,96.9,7.82,Good,High
STU00485,21,Female,ECE,4th Year,6.3,7.4,5.0,Medium,4,5,5,8,4,1.3,Average,78.9,8.79,Average,Medium
STU00486,19,Male,AIDS,4th Year,2.5,7.9,7.2,High,8,7,10,8,4,1.7,Poor,78.1,8.19,Good,High
STU00487,20,Female,ECE,4th Year,3.6,7.5,5.1,Medium,5,5,7,1,5,2.3,Poor,85.3,8.27,Average,Low
STU00488,22,Male,AIDS,1st Year,9.5,8.2,7.1,Low,3,4,4,1,8,1.2,Good,93.5,9.02,Poor,Low
STU00489,24,Female,CSE,2nd Year,4.0,6.3,4.3,Low,4,5,2,6,10,2.1,Average,100.0,7.84,Poor,Low
STU00490,22,Male,Cyber,3rd Year,6.9,7.2,3.8,High,5,5,7,6,3,2.4,Poor,83.5,7.94,Poor,Medium
STU00491,25,Male,ECE,2nd Year,7.4,7.3,2.7,Low,6,2,2,2,7,1.9,Poor,79.0,9.3,Good,Low
STU00492,24,Female,CSE,3rd Year,3.0,6.9,4.7,Low,1,2,2,1,9,1.7,Average,82.4,8.64,Good,High
STU00493,24,Female,AIDS,1st Year,5.6,6.5,4.4,Medium,5,2,6,3,3,1.8,Poor,80.8,6.99,Good,Medium
STU00494,22,Female,ECE,2nd Year,8.3,7.9,4.4,Medium,4,2,1,4,10,2.0,Average,99.0,8.46,Poor,Medium
STU00495,20,Male,CSE,4th Year,6.2,5.5,7.6,High,10,9,8,6,6,1.7,Poor,64.1,8.25,Good,High
STU00496,21,Female,AIDS,1st Year,9.3,6.9,6.5,High,6,6,4,6,6,1.1,Poor,71.9,8.24,Good,High
STU00497,18,Female,ECE,4th Year,3.8,6.7,4.0,Medium,7,5,7,7,5,1.3,Poor,88.3,8.04,Average,Medium
STU00498,20,Female,AIDS,2nd Year,8.0,8.0,5.5,Low,4,4,4,4,4,2.3,Good,76.3,8.42,Average,Medium
STU00499,25,Male,AIML,1st Year,5.2,6.6,6.3,High,8,8,9,5,6,1.3,Poor,69.6,7.55,Good,High
STU00500,21,Female,AIDS,1st Year,4.4,7.1,4.4,Medium,4,6,3,9,9,1.6,Good,91.1,7.69,Poor,Low
STU00501,18,Female,AIML,1st Year,6.0,8.1,4.4,Low,1,4,7,1,10,0.7,Average,83.3,7.72,Average,Medium
STU00502,23,Female,ECE,2nd Year,4.8,7.2,6.0,Low,5,4,4,3,6,1.2,Poor,78.7,8.38,Good,Medium
STU00503,25,Male,CSE,1st Year,4.4,7.7,2.8,High,4,1,1,2,7,2.6,Good,100.0,8.67,Average,High
STU00504,24,Male,ECE,3rd Year,5.5,5.8,4.1,Low,5,4,1,6,10,1.6,Average,80.9,8.78,Average,Medium
STU00505,20,Female,ECE,4th Year,1.5,7.9,6.1,Medium,4,4,5,7,8,2.3,Average,76.9,8.31,Average,High
STU00506,21,Male,ECE,2nd Year,3.6,5.8,6.8,Medium,5,5,7,6,6,1.5,Average,93.5,8.64,Good,Medium
STU00507,22,Female,Cyber,1st Year,6.3,6.7,5.3,Medium,6,4,5,3,7,1.4,Poor,83.9,8.25,Good,Medium
STU00508,19,Male,AIDS,2nd Year,7.0,6.6,6.4,High,8,8,7,2,5,1.9,Poor,82.7,8.19,Good,High
STU00509,20,Male,ECE,4th Year,5.4,8.5,3.7,Low,4,3,2,3,9,1.6,Good,83.7,8.31,Good,Low
STU00510,19,Female,AIML,3rd Year,5.6,8.1,5.1,High,4,5,8,6,7,1.2,Good,78.6,7.23,Average,High
STU00511,25,Male,CIVIL,1st Year,5.7,6.0,3.1,High,10,5,6,10,6,1.4,Poor,76.9,7.81,Good,High
STU00512,23,Male,ECE,3rd Year,6.5,6.1,4.7,Medium,6,4,5,4,6,1.9,Good,88.8,8.65,Average,Medium
STU00513,24,Female,CIVIL,2nd Year,2.5,6.9,6.4,High,7,4,7,10,2,1.8,Average,86.9,8.11,Poor,Medium
STU00514,24,Female,CIVIL,2nd Year,4.1,7.1,5.0,Low,4,5,2,7,6,0.7,Poor,83.9,8.71,Good,Low
STU00515,25,Female,CIVIL,1st Year,4.7,6.1,3.5,Low,5,3,2,2,6,2.2,Poor,93.3,7.94,Good,Low
STU00516,18,Male,AIDS,4th Year,5.4,6.8,5.3,Medium,7,4,6,6,7,1.5,Average,87.1,8.1,Average,High
STU00517,25,Male,ECE,1st Year,1.2,7.4,6.8,Medium,6,6,5,5,6,1.9,Poor,74.2,7.62,Good,Medium
STU00518,18,Female,CSE,1st Year,2.7,5.8,6.2,Low,6,3,4,3,6,2.9,Average,81.5,8.74,Good,Medium
STU00519,21,Male,Cyber,1st Year,4.9,6.1,4.8,Medium,5,5,3,6,8,1.4,Poor,80.3,8.22,Average,Medium
STU00520,22,Male,AIDS,3rd Year,6.5,6.9,6.7,Low,4,3,4,4,9,1.3,Poor,93.9,8.7,Poor,Low
STU00521,20,Male,Cyber,2nd Year,4.3,6.6,8.8,Medium,7,3,6,8,6,1.6,Poor,85.4,7.88,Poor,Medium
STU00522,19,Male,AIDS,1st Year,3.6,7.9,3.9,Low,5,5,4,5,10,2.0,Good,86.6,8.0,Average,Low
STU00523,19,Female,CSE,2nd Year,5.7,7.1,4.0,Low,4,3,2,1,9,2.3,Poor,94.7,7.57,Average,Low
STU00524,24,Female,AIML,3rd Year,4.3,7.0,5.9,Medium,7,5,5,5,6,1.3,Good,68.2,7.12,Poor,High
STU00525,20,Female,Cyber,2nd Year,6.8,8.4,4.7,Medium,5,7,5,7,4,0.8,Good,73.9,7.82,Average,Medium
STU00526,20,Male,Cyber,4th Year,4.6,5.8,6.5,Medium,5,7,6,2,7,0.6,Poor,77.0,7.83,Average,High
STU00527,25,Male,CSE,2nd Year,2.9,6.5,4.9,Medium,4,4,1,5,7,0.9,Poor,86.4,8.11,Good,Medium
STU00528,19,Male,CSE,1st Year,7.4,7.7,5.2,Medium,3,4,2,5,5,1.5,Good,89.0,8.79,Good,Medium
STU00529,25,Male,AIDS,4th Year,7.4,7.3,5.0,Medium,6,6,6,2,7,1.2,Poor,79.1,7.88,Average,Low
STU00530,25,Male,Cyber,4th Year,2.7,8.5,2.0,Low,3,1,4,1,10,3.0,Average,82.3,8.29,Poor,Low
STU00531,22,Male,CSE,2nd Year,5.9,8.0,3.3,High,7,4,5,5,7,0.3,Good,81.7,7.62,Poor,Medium
STU00532,19,Male,CSE,4th Year,3.9,8.1,5.4,Low,1,2,1,8,10,2.3,Average,91.5,8.62,Poor,Medium
STU00533,19,Female,Cyber,2nd Year,5.8,5.8,5.2,Low,2,4,3,4,10,1.6,Poor,76.6,8.09,Average,Low
STU00534,20,Female,CSE,2nd Year,3.3,7.2,5.6,Medium,6,5,7,8,10,1.8,Average,82.0,8.56,Poor,High
STU00535,22,Male,ECE,4th Year,7.1,5.1,7.6,High,10,7,10,8,3,0.4,Poor,75.2,7.34,Average,High
STU00536,19,Male,AIDS,3rd Year,7.6,7.1,3.7,High,10,9,10,5,3,1.5,Average,87.7,7.78,Good,High
STU00537,21,Female,AIML,2nd Year,3.5,7.3,4.9,High,8,6,7,9,2,1.8,Poor,70.1,7.08,Average,Medium
STU00538,18,Female,ECE,3rd Year,5.2,5.2,5.2,Medium,6,2,6,6,6,1.3,Poor,86.7,8.46,Good,Medium
STU00539,22,Female,CSE,2nd Year,6.7,9.0,2.1,Low,1,3,2,1,10,2.9,Good,81.8,9.32,Poor,Low
STU00540,18,Male,AIML,1st Year,3.2,7.6,3.1,Medium,5,4,5,3,6,1.9,Average,71.1,6.93,Average,Low
STU00541,23,Female,CIVIL,4th Year,3.7,6.8,3.4,Medium,4,6,5,6,4,2.5,Average,74.8,8.16,Good,Low
STU00542,18,Male,Cyber,3rd Year,6.0,7.2,4.5,Low,4,5,1,7,7,1.8,Average,90.5,8.22,Average,Medium
STU00543,19,Male,CIVIL,3rd Year,4.7,8.0,5.4,Medium,8,5,7,8,7,2.0,Average,82.3,8.02,Good,Medium
STU00544,19,Male,AIML,3rd Year,2.0,5.3,6.0,High,6,5,5,6,5,1.2,Poor,81.6,8.15,Good,High
STU00545,24,Male,AIML,3rd Year,4.6,6.7,8.7,High,9,10,7,10,5,0.7,Average,81.8,6.43,Average,High
STU00546,18,Male,Cyber,2nd Year,7.7,8.8,4.3,Low,1,3,1,1,10,3.0,Good,91.0,9.1,Average,Medium
STU00547,21,Male,Cyber,4th Year,8.7,6.7,5.0,Low,7,5,4,1,8,0.9,Average,82.5,8.7,Average,Medium
STU00548,22,Female,CIVIL,3rd Year,3.6,7.9,6.7,Low,5,7,5,1,10,1.6,Good,83.5,8.78,Poor,Low
STU00549,22,Male,CSE,3rd Year,3.3,7.1,2.8,Low,5,4,4,3,6,0.6,Poor,75.6,7.37,Poor,Medium
STU00550,23,Male,AIDS,2nd Year,4.3,5.9,2.8,Medium,7,6,7,3,6,0.9,Good,94.2,7.9,Poor,Medium
STU00551,24,Male,AIDS,2nd Year,8.0,6.7,3.0,Low,3,1,2,6,8,1.3,Average,98.2,8.25,Good,High
STU00552,21,Male,Cyber,1st Year,6.6,7.4,6.4,Medium,3,2,6,5,7,1.1,Poor,94.0,7.02,Good,Low
STU00553,24,Male,AIML,2nd Year,7.6,6.3,5.2,Medium,4,4,3,4,7,1.7,Average,78.6,7.73,Average,Medium
STU00554,20,Male,Cyber,1st Year,6.6,5.8,3.1,Low,5,4,4,2,9,2.0,Average,79.5,7.56,Average,Medium
STU00555,25,Male,AIML,3rd Year,2.5,7.2,3.8,Low,5,4,5,1,3,1.1,Average,80.8,8.1,Good,Low
STU00556,22,Female,AIDS,4th Year,3.3,6.4,3.4,Low,6,3,6,6,7,1.1,Average,91.3,7.07,Good,Low
STU00557,23,Female,Cyber,2nd Year,3.6,6.1,2.9,Low,3,4,3,6,8,2.4,Average,85.5,7.56,Average,High
STU00558,25,Male,CIVIL,2nd Year,4.1,6.9,7.2,Low,3,3,5,6,6,2.4,Good,77.6,7.54,Average,Medium
STU00559,24,Female,ECE,3rd Year,3.7,7.6,4.8,Medium,7,5,6,2,3,2.3,Average,86.2,8.4,Good,Medium
STU00560,24,Female,Cyber,1st Year,3.8,7.2,7.0,Medium,4,5,4,4,7,0.8,Poor,78.9,9.53,Good,Low
STU00561,22,Female,ECE,4th Year,6.6,5.0,5.5,High,9,7,9,10,3,1.6,Poor,64.0,7.54,Good,Medium
STU00562,18,Female,Cyber,2nd Year,5.3,7.0,6.2,Medium,6,4,9,4,8,2.4,Average,81.2,7.24,Average,High
STU00563,21,Female,CIVIL,1st Year,7.1,7.9,5.2,Low,6,6,3,2,7,0.7,Good,79.6,7.73,Poor,Medium
STU00564,19,Female,CSE,1st Year,5.5,8.7,6.5,Medium,7,6,7,1,5,2.0,Average,81.2,8.26,Average,Medium
STU00565,25,Female,CIVIL,4th Year,3.5,8.7,4.6,Low,2,3,2,1,5,2.0,Average,65.1,7.22,Average,Low
STU00566,19,Male,AIDS,1st Year,5.2,6.1,6.1,Medium,6,6,5,2,8,1.5,Average,76.8,8.6,Good,Medium
STU00567,19,Male,AIDS,3rd Year,2.2,7.7,5.6,Medium,5,4,6,7,8,1.7,Good,83.1,8.03,Poor,Medium
STU00568,19,Male,Cyber,1st Year,1.0,7.7,2.7,Low,2,2,2,1,8,2.2,Good,75.5,7.94,Good,Low
STU00569,23,Male,AIDS,1st Year,6.3,5.6,6.5,Low,6,4,5,3,6,2.0,Average,68.4,6.81,Good,Medium
STU00570,22,Male,AIML,4th Year,6.7,7.3,4.6,Low,3,3,2,3,6,2.3,Good,84.6,8.68,Good,Medium
STU00571,25,Male,AIDS,1st Year,5.0,8.7,3.9,Low,4,5,4,10,8,0.8,Good,89.2,7.67,Good,Medium
STU00572,21,Female,CSE,1st Year,4.2,8.2,5.6,Low,5,6,5,1,9,1.3,Good,77.4,8.08,Good,Low
STU00573,20,Female,AIML,2nd Year,3.3,4.3,9.1,High,10,10,10,9,1,0.5,Poor,66.6,6.77,Poor,High
STU00574,18,Female,Cyber,4th Year,6.9,7.2,4.0,Low,5,5,4,6,5,2.6,Good,83.1,7.34,Average,Low
STU00575,18,Male,AIML,2nd Year,5.4,8.4,2.9,Low,2,1,1,1,10,0.7,Good,78.8,8.36,Poor,Medium
STU00576,20,Male,AIML,1st Year,5.1,6.1,2.0,Low,3,1,2,4,10,1.7,Good,98.7,7.87,Good,Low
STU00577,25,Female,AIDS,4th Year,5.2,4.9,3.5,Medium,5,4,6,7,3,0.4,Average,77.1,7.31,Good,Medium
STU00578,22,Female,AIML,3rd Year,4.5,6.2,6.1,High,8,6,8,8,2,0.3,Poor,74.6,7.68,Poor,High
STU00579,25,Female,AIDS,4th Year,2.8,7.3,5.6,Low,5,2,3,7,8,2.3,Average,88.1,8.45,Poor,Low
STU00580,18,Female,CSE,3rd Year,5.8,4.4,5.6,Low,6,9,7,2,2,0.8,Poor,63.8,7.41,Average,Low
STU00581,18,Female,AIDS,3rd Year,4.2,6.7,7.7,High,8,7,6,6,5,0.0,Average,86.0,7.23,Average,High
STU00582,24,Male,AIDS,2nd Year,4.2,7.9,4.8,Medium,4,4,4,9,6,1.5,Good,91.3,7.67,Good,High
STU00583,18,Male,AIML,2nd Year,8.0,6.7,4.7,Medium,5,7,3,7,6,2.7,Average,84.3,7.8,Poor,Medium
STU00584,18,Male,AIDS,3rd Year,5.0,6.8,5.0,Medium,9,4,7,6,8,0.4,Average,84.9,6.72,Good,Medium
STU00585,21,Female,CIVIL,3rd Year,1.0,6.8,7.3,High,9,6,7,10,8,1.5,Poor,75.4,7.45,Average,High
STU00586,25,Female,AIDS,4th Year,4.1,7.0,4.3,Medium,4,8,3,3,5,2.2,Poor,87.1,6.9,Average,Medium
STU00587,23,Male,AIML,3rd Year,3.0,5.7,4.4,Low,6,4,3,6,6,1.7,Average,78.5,8.02,Poor,Medium
STU00588,18,Female,Cyber,2nd Year,4.7,6.1,4.3,High,8,8,6,6,7,2.6,Average,82.5,7.16,Good,High
STU00589,24,Male,AIDS,2nd Year,2.9,5.4,6.3,High,10,9,9,8,5,0.4,Poor,73.3,6.51,Good,High
STU00590,24,Male,AIML,3rd Year,5.8,5.9,5.5,High,8,7,8,10,5,2.2,Poor,80.6,8.24,Average,Low
STU00591,24,Male,AIDS,2nd Year,4.7,7.6,5.8,Medium,6,8,6,7,6,1.9,Poor,86.6,7.72,Average,Low
STU00592,25,Male,AIML,4th Year,4.3,7.1,7.1,Medium,7,6,7,2,4,1.3,Poor,97.1,6.85,Good,Low
STU00593,19,Female,AIDS,3rd Year,5.3,5.7,5.4,High,9,5,8,7,6,0.6,Poor,79.9,7.53,Good,High
STU00594,25,Male,CSE,1st Year,4.9,6.5,6.0,High,6,5,6,4,4,0.9,Poor,85.3,8.06,Good,High
STU00595,20,Female,CSE,3rd Year,5.0,7.3,6.2,High,9,5,6,10,5,0.0,Average,71.5,7.22,Good,High
STU00596,24,Female,CIVIL,3rd Year,4.8,5.8,7.7,Medium,6,6,6,9,5,1.6,Poor,87.0,7.57,Good,High
STU00597,22,Male,AIDS,4th Year,5.0,7.4,5.0,Medium,7,5,8,5,7,1.7,Good,76.7,7.93,Average,Medium
STU00598,24,Male,CIVIL,2nd Year,5.4,8.4,4.2,Low,1,5,3,9,10,1.8,Average,100.0,8.34,Good,Low
STU00599,23,Female,CIVIL,3rd Year,5.5,7.7,6.5,High,6,6,8,8,5,1.3,Average,66.9,7.14,Average,High
STU00600,23,Male,Cyber,2nd Year,7.0,7.0,4.7,High,6,8,5,4,3,2.3,Poor,99.5,8.23,Average,High
STU00601,22,Female,AIML,3rd Year,3.9,8.1,5.6,Medium,5,1,5,6,6,1.8,Average,91.3,7.89,Good,Medium
STU00602,24,Male,CSE,1st Year,6.1,4.9,10.0,High,10,8,9,10,2,0.3,Poor,61.0,7.96,Good,High
STU00603,23,Female,Cyber,4th Year,9.0,9.0,2.5,Low,2,1,1,4,9,2.1,Average,100.0,8.67,Average,Low
STU00604,19,Female,AIML,4th Year,5.2,6.5,8.1,High,8,8,6,7,4,2.3,Poor,70.3,7.62,Average,High
STU00605,24,Male,CIVIL,3rd Year,4.8,8.3,3.8,Low,4,3,4,7,10,2.1,Good,83.4,8.31,Good,Low
STU00606,22,Male,CSE,3rd Year,2.8,6.4,7.1,Medium,6,3,6,3,6,1.2,Poor,71.0,7.49,Good,Medium
STU00607,20,Female,CSE,1st Year,4.4,5.8,8.4,High,10,9,10,4,2,0.6,Poor,69.3,6.65,Good,Medium
STU00608,22,Male,AIML,3rd Year,4.6,7.8,5.1,Low,3,1,3,4,7,2.1,Good,85.9,8.46,Poor,Low
STU00609,25,Male,CSE,2nd Year,5.8,6.4,4.4,Low,6,2,3,1,5,1.5,Poor,91.9,8.52,Average,Medium
STU00610,24,Male,AIML,3rd Year,6.2,5.9,4.9,Low,4,7,6,1,7,1.2,Poor,100.0,9.31,Good,Low
STU00611,24,Male,ECE,1st Year,5.4,7.1,3.5,Medium,6,3,2,3,8,1.8,Good,81.7,8.58,Good,Medium
STU00612,21,Female,AIML,3rd Year,6.7,7.3,6.0,High,9,7,9,2,3,2.0,Average,56.0,7.92,Good,High
STU00613,24,Female,ECE,2nd Year,3.1,5.4,4.5,Low,4,4,4,6,7,2.1,Average,89.6,8.45,Good,Low
STU00614,21,Male,CIVIL,3rd Year,6.0,6.1,6.0,High,7,5,6,4,5,1.0,Poor,74.7,7.33,Average,Medium
STU00615,23,Female,ECE,3rd Year,4.7,8.7,2.2,Low,3,1,3,4,7,2.4,Average,100.0,7.77,Average,Low
STU00616,23,Male,ECE,1st Year,4.8,6.7,3.6,Low,2,1,1,1,8,2.1,Average,89.9,7.94,Good,Low
STU00617,19,Male,AIML,2nd Year,4.3,8.1,6.6,Low,6,5,3,2,7,1.8,Good,77.0,8.28,Average,Low
STU00618,20,Female,CSE,4th Year,2.9,6.6,5.0,Low,1,4,1,4,8,2.2,Good,81.0,9.03,Good,Low
STU00619,18,Female,AIML,3rd Year,3.2,5.1,6.6,High,10,9,10,6,3,0.0,Poor,80.2,7.79,Good,High
STU00620,19,Male,CIVIL,1st Year,5.2,7.5,7.2,Low,1,1,2,4,7,0.4,Good,86.7,8.31,Good,Low
STU00621,21,Male,ECE,2nd Year,5.6,9.0,3.5,Low,3,4,1,6,8,2.0,Good,98.4,9.33,Average,Low
STU00622,21,Male,AIML,2nd Year,4.9,6.0,5.5,Medium,9,6,7,6,7,0.9,Poor,78.5,7.52,Good,Low
STU00623,19,Female,Cyber,3rd Year,4.8,5.6,2.8,Low,2,2,3,1,7,0.8,Poor,96.0,7.58,Poor,Medium
STU00624,21,Male,AIDS,3rd Year,3.3,6.4,3.3,Low,1,2,1,1,8,1.6,Average,77.8,8.36,Poor,Low
STU00625,22,Male,ECE,1st Year,6.4,6.5,9.4,High,10,9,8,8,3,1.3,Poor,58.9,7.9,Average,High
STU00626,19,Female,ECE,3rd Year,4.9,6.1,3.8,Low,6,3,5,3,10,2.0,Poor,93.1,7.84,Poor,Low
STU00627,20,Male,CIVIL,3rd Year,4.3,8.0,3.0,Low,5,5,2,5,7,2.0,Average,79.2,6.97,Good,High
STU00628,20,Male,ECE,3rd Year,6.5,7.0,6.1,Medium,3,3,4,4,7,1.8,Poor,80.8,8.06,Good,High
STU00629,22,Male,ECE,1st Year,6.3,6.4,6.3,High,6,9,7,10,6,0.7,Poor,70.7,8.1,Poor,High
STU00630,20,Male,CSE,2nd Year,2.4,6.8,6.7,High,7,3,9,6,5,1.8,Poor,71.2,5.92,Good,High
STU00631,23,Male,CSE,2nd Year,4.9,6.5,4.1,Low,3,4,4,7,8,2.1,Average,90.8,8.77,Average,Low
STU00632,20,Female,CIVIL,1st Year,3.2,7.1,3.6,Medium,5,5,4,1,6,1.5,Average,83.3,7.18,Good,Low
STU00633,21,Female,ECE,2nd Year,5.2,5.9,4.8,High,6,5,7,7,4,1.6,Average,74.5,8.32,Good,Medium
STU00634,21,Female,AIML,1st Year,1.0,7.6,6.6,Medium,7,5,5,8,6,1.7,Average,85.0,6.44,Average,Low
STU00635,19,Female,ECE,1st Year,5.1,6.5,4.1,Medium,6,5,3,5,9,1.5,Poor,96.7,7.59,Poor,Low
STU00636,23,Male,CSE,3rd Year,6.8,6.1,7.5,High,10,8,10,9,3,1.4,Poor,72.0,7.69,Poor,High
STU00637,19,Male,AIDS,1st Year,4.6,6.3,3.8,Low,6,2,3,4,9,2.1,Average,93.4,8.9,Average,Low
STU00638,20,Female,CSE,3rd Year,2.9,6.3,5.7,Medium,7,3,6,7,5,1.5,Average,74.0,7.73,Good,Medium
STU00639,24,Male,AIDS,1st Year,8.2,7.1,4.2,Low,3,3,2,6,5,2.7,Good,91.8,9.82,Average,Low
STU00640,25,Female,Cyber,3rd Year,6.8,9.0,3.1,Low,3,1,4,7,7,1.2,Poor,89.1,7.88,Average,Medium
STU00641,23,Female,AIML,2nd Year,3.8,7.3,4.6,Low,3,6,1,1,5,1.6,Poor,79.6,7.51,Poor,Low
STU00642,25,Male,CSE,4th Year,4.3,6.6,3.8,Medium,5,5,4,5,8,1.5,Good,100.0,8.17,Good,Medium
STU00643,24,Male,AIDS,4th Year,1.3,6.6,5.6,Medium,4,6,4,6,6,1.8,Poor,85.7,7.7,Average,Low
STU00644,21,Male,CSE,2nd Year,5.6,6.0,5.5,Medium,6,6,5,6,9,2.5,Good,81.7,8.38,Good,Low
STU00645,24,Male,CSE,3rd Year,2.7,6.3,6.5,Medium,6,5,7,7,7,0.7,Poor,79.0,7.17,Good,High
STU00646,20,Male,AIDS,1st Year,6.0,8.9,2.4,Low,5,2,6,2,6,3.0,Good,78.6,8.47,Average,Low
STU00647,21,Male,AIML,3rd Year,6.6,7.6,3.1,Low,4,1,4,5,6,1.4,Average,76.8,8.5,Poor,Low
STU00648,22,Female,AIML,1st Year,4.8,7.8,4.0,Low,4,3,4,6,8,1.8,Good,80.2,8.89,Average,Low
STU00649,25,Female,AIML,2nd Year,3.3,5.4,5.1,High,10,9,9,7,6,1.2,Poor,74.5,7.21,Average,Medium
STU00650,24,Female,AIDS,1st Year,7.3,6.5,4.7,High,6,4,7,8,3,1.5,Poor,74.6,8.09,Good,Medium
STU00651,21,Male,AIML,4th Year,5.0,7.0,6.3,Medium,5,4,6,6,7,1.1,Average,92.5,8.39,Good,Medium
STU00652,23,Male,CSE,2nd Year,4.8,6.9,4.8,Medium,2,1,1,3,5,2.6,Average,82.3,8.31,Average,High
STU00653,19,Male,AIML,3rd Year,3.0,7.8,3.6,Low,3,3,2,2,7,1.4,Good,79.7,8.0,Average,Low
STU00654,24,Male,CSE,2nd Year,5.0,8.1,4.8,Low,4,4,5,6,10,1.0,Average,78.3,7.11,Poor,Low
STU00655,22,Female,AIML,2nd Year,5.0,6.6,6.8,High,7,5,7,9,9,0.4,Poor,65.9,7.44,Average,High
STU00656,22,Male,CSE,1st Year,2.7,6.4,5.6,High,7,4,8,7,5,2.1,Poor,87.8,8.04,Good,High
STU00657,24,Male,CSE,4th Year,7.2,8.3,5.9,Low,5,5,5,3,6,2.5,Average,87.9,8.3,Good,Low
STU00658,23,Female,AIML,4th Year,8.0,6.9,3.8,Low,6,5,3,7,6,0.6,Good,90.1,7.88,Good,Medium
STU00659,18,Male,AIDS,1st Year,6.6,6.9,4.5,Low,4,3,1,4,8,2.2,Good,93.9,7.43,Poor,Low
STU00660,20,Male,CSE,3rd Year,6.3,8.6,3.0,High,4,6,3,3,7,0.7,Good,83.3,8.5,Average,High
STU00661,19,Male,CSE,2nd Year,8.3,5.6,4.3,High,7,4,9,10,4,1.3,Poor,91.7,8.07,Average,Medium
STU00662,23,Female,CIVIL,1st Year,3.0,5.4,3.2,Medium,5,5,4,6,6,0.9,Good,78.3,8.63,Good,Medium
STU00663,18,Female,CIVIL,2nd Year,3.6,4.9,5.8,High,9,8,9,10,3,1.3,Poor,63.9,6.29,Good,High
STU00664,19,Male,ECE,1st Year,4.6,6.5,6.4,High,6,7,7,6,4,1.4,Poor,79.4,7.27,Good,Medium
STU00665,22,Female,AIML,1st Year,5.9,7.2,6.0,High,8,4,10,6,3,1.6,Average,77.3,6.82,Poor,High
STU00666,23,Female,AIML,3rd Year,4.6,5.8,5.5,High,9,6,7,7,4,1.1,Average,80.1,8.26,Average,High
STU00667,22,Female,CSE,1st Year,3.1,8.7,4.4,Low,4,5,4,4,6,1.5,Good,92.0,8.72,Good,Low
STU00668,24,Male,CSE,4th Year,5.2,6.5,8.0,High,7,6,9,6,4,0.5,Poor,80.2,8.8,Average,High
STU00669,25,Male,AIML,3rd Year,4.7,6.9,3.4,Medium,5,6,6,6,6,1.1,Average,86.1,8.33,Good,Medium
STU00670,19,Female,ECE,4th Year,6.9,5.1,5.0,High,10,9,8,3,5,1.5,Poor,85.5,8.03,Average,Medium
STU00671,25,Male,AIML,3rd Year,5.2,8.3,4.5,Medium,6,4,5,8,5,1.6,Average,82.3,8.06,Good,Medium
STU00672,22,Female,ECE,4th Year,1.6,6.5,5.3,High,8,7,8,10,3,1.5,Poor,84.8,8.02,Poor,High
STU00673,23,Female,AIML,2nd Year,5.7,5.5,6.0,Medium,7,4,6,10,8,2.1,Poor,70.1,7.83,Good,High
STU00674,18,Male,AIML,3rd Year,8.3,8.1,7.6,High,9,8,7,8,4,0.2,Poor,100.0,8.12,Average,High
STU00675,22,Female,AIDS,2nd Year,4.7,7.9,5.1,Medium,3,3,1,1,6,2.4,Average,75.7,9.42,Average,Medium
STU00676,23,Female,AIDS,4th Year,7.2,6.5,6.7,High,10,7,8,7,3,0.2,Poor,69.4,7.51,Average,High
STU00677,22,Female,AIML,1st Year,4.0,8.4,4.5,Low,6,6,3,3,5,2.4,Good,78.3,7.9,Average,Low
STU00678,18,Male,ECE,3rd Year,5.7,8.1,6.1,Low,3,2,1,4,9,2.3,Average,100.0,8.64,Good,Low
STU00679,22,Female,AIML,3rd Year,3.5,8.1,2.0,Low,6,3,2,2,7,2.3,Average,80.6,7.96,Good,Low
STU00680,25,Male,CSE,2nd Year,4.1,7.8,3.8,Low,2,3,1,1,9,1.7,Poor,93.0,8.58,Good,Low
STU00681,23,Female,AIDS,4th Year,4.7,7.1,6.3,Medium,5,4,6,9,5,2.5,Average,74.6,7.55,Good,Medium
STU00682,19,Female,CSE,2nd Year,5.6,7.3,6.7,Low,5,2,6,4,6,3.0,Average,78.4,8.83,Good,Low
STU00683,25,Female,Cyber,1st Year,3.6,6.7,3.2,Medium,7,7,5,5,8,1.7,Poor,85.8,8.42,Average,Medium
STU00684,25,Male,Cyber,3rd Year,2.6,6.3,5.7,Low,8,7,8,6,5,1.7,Poor,71.1,8.56,Good,Low
STU00685,19,Male,CSE,2nd Year,5.7,6.8,2.8,Low,4,1,5,5,6,1.6,Average,86.7,8.18,Poor,Low
STU00686,24,Male,CSE,1st Year,5.7,7.4,2.6,Low,2,5,5,2,7,0.9,Poor,88.2,8.25,Good,Low
STU00687,21,Male,AIML,1st Year,4.9,8.0,3.8,Low,1,2,3,1,10,2.4,Poor,100.0,8.6,Average,Medium
STU00688,22,Male,CIVIL,1st Year,6.6,7.8,5.9,Medium,7,2,5,3,7,1.1,Poor,73.7,8.14,Good,High
STU00689,21,Female,ECE,3rd Year,5.3,6.0,9.1,High,10,6,10,7,4,1.3,Poor,69.2,7.71,Average,Medium
STU00690,24,Male,AIML,4th Year,5.7,8.2,5.2,Low,9,8,10,4,9,1.8,Average,77.6,6.8,Average,Low
STU00691,25,Female,CSE,3rd Year,4.3,7.9,5.8,Low,3,3,6,5,6,1.7,Good,83.2,8.22,Poor,Medium
STU00692,24,Female,ECE,1st Year,4.4,6.9,4.4,Low,3,2,3,8,6,1.8,Good,100.0,9.34,Average,Low
STU00693,25,Male,CSE,3rd Year,5.6,7.2,5.9,High,7,6,6,8,5,2.1,Poor,80.8,8.7,Average,Low
STU00694,25,Female,Cyber,4th Year,9.1,8.0,6.8,Medium,6,6,5,4,3,1.6,Average,61.3,8.57,Average,Medium
STU00695,18,Female,AIDS,3rd Year,6.2,6.2,4.6,Medium,6,3,5,7,9,1.4,Poor,82.3,8.56,Average,Medium
STU00696,20,Male,Cyber,2nd Year,6.1,8.3,7.1,High,7,7,5,9,5,0.5,Good,78.7,7.47,Average,Medium
STU00697,23,Male,AIML,1st Year,6.2,6.6,2.8,Low,3,6,2,4,9,2.4,Good,84.4,7.86,Average,Low
STU00698,22,Female,CSE,4th Year,1.0,8.1,5.2,Low,3,5,4,4,9,2.0,Good,80.6,7.57,Good,Low
STU00699,18,Female,CSE,4th Year,5.7,6.6,6.9,High,6,7,8,8,4,2.9,Average,69.8,7.1,Poor,High
STU00700,18,Female,Cyber,1st Year,6.3,7.4,5.4,Low,5,3,4,3,7,1.9,Good,100.0,9.01,Average,Low
STU00701,22,Female,CIVIL,4th Year,5.3,5.2,4.3,High,10,6,8,6,8,1.4,Poor,81.3,8.53,Poor,Medium
STU00702,22,Female,AIML,1st Year,4.9,7.6,4.9,High,5,5,6,5,6,1.7,Poor,80.5,8.14,Average,High
STU00703,19,Male,ECE,1st Year,2.9,6.6,3.9,Low,1,2,2,5,8,2.5,Average,100.0,8.95,Average,Low
STU00704,19,Female,ECE,3rd Year,4.2,5.4,5.9,Medium,5,3,5,4,4,0.9,Average,74.6,7.94,Good,Medium
STU00705,19,Male,CSE,3rd Year,3.1,8.8,3.8,Low,3,1,3,2,9,2.0,Good,94.4,8.73,Average,Low
STU00706,22,Female,CSE,2nd Year,7.0,8.0,7.7,Medium,7,4,8,3,7,1.7,Poor,68.9,6.53,Average,Medium
STU00707,18,Male,AIML,4th Year,7.6,6.3,3.3,Medium,6,5,5,6,8,1.4,Poor,89.1,8.36,Average,Medium
STU00708,22,Male,ECE,4th Year,8.9,6.7,6.6,High,10,8,9,7,4,1.3,Poor,64.6,7.19,Average,High
STU00709,21,Female,Cyber,1st Year,3.7,6.9,4.0,High,8,6,10,8,7,1.2,Poor,80.9,7.52,Average,High
STU00710,21,Male,AIDS,3rd Year,3.5,7.3,5.1,High,7,4,3,6,10,2.1,Good,100.0,8.45,Good,Medium
STU00711,23,Female,AIDS,3rd Year,3.1,9.0,4.1,Low,1,1,1,4,10,2.8,Good,91.8,8.1,Average,High
STU00712,22,Male,AIDS,3rd Year,3.0,7.1,8.9,High,7,3,5,8,10,1.6,Good,67.9,7.3,Good,Medium
STU00713,23,Female,CIVIL,4th Year,2.9,7.9,5.4,Medium,5,4,3,5,8,1.1,Good,87.8,7.8,Average,Low
STU00714,24,Female,AIDS,3rd Year,4.5,4.7,7.3,High,10,9,8,9,5,0.7,Poor,77.6,6.54,Average,High
STU00715,25,Male,AIDS,1st Year,6.6,5.7,5.5,Medium,3,3,6,6,6,1.0,Average,89.3,7.44,Average,Medium
STU00716,24,Female,AIDS,1st Year,3.9,7.3,5.6,High,8,7,7,10,6,0.0,Poor,89.6,7.12,Poor,High
STU00717,22,Male,AIDS,4th Year,6.8,7.5,5.1,Medium,5,3,7,5,6,1.5,Average,95.5,7.44,Average,Medium
STU00718,21,Female,AIDS,4th Year,7.4,6.8,5.4,Medium,6,4,6,4,7,1.7,Good,81.8,8.38,Good,Medium
STU00719,19,Female,CIVIL,1st Year,5.5,8.5,2.6,Low,4,5,5,2,10,2.1,Poor,76.9,7.41,Good,Low
STU00720,22,Female,Cyber,1st Year,7.5,7.9,6.5,High,10,8,9,8,6,0.5,Poor,68.1,6.57,Average,High
STU00721,19,Male,ECE,3rd Year,2.6,7.0,5.6,High,8,6,7,4,6,1.4,Average,76.3,7.44,Average,Medium
STU00722,25,Male,Cyber,1st Year,3.7,6.1,6.5,Medium,5,3,5,4,7,2.5,Average,90.6,7.62,Good,Medium
STU00723,24,Female,AIDS,1st Year,5.7,5.8,6.5,High,8,6,8,5,4,0.6,Poor,63.9,8.12,Poor,High
STU00724,18,Female,Cyber,4th Year,5.3,6.2,3.9,Medium,4,5,5,7,5,1.9,Good,75.9,8.03,Average,Low
STU00725,24,Male,AIDS,4th Year,7.5,7.1,5.1,Low,5,5,4,1,8,2.5,Average,88.5,7.43,Good,Medium
STU00726,18,Male,AIDS,4th Year,2.5,7.5,2.8,Low,2,1,1,1,10,1.5,Good,89.6,8.98,Average,Low
STU00727,23,Male,CIVIL,3rd Year,4.2,5.4,5.6,High,7,5,6,7,5,1.4,Poor,82.1,7.75,Poor,Medium
STU00728,18,Female,AIML,2nd Year,4.9,4.7,3.6,Medium,6,6,7,1,9,2.1,Poor,75.0,7.69,Average,Low
STU00729,21,Male,ECE,4th Year,4.1,6.9,5.1,Medium,6,3,6,5,8,1.3,Good,83.9,8.73,Good,Low
STU00730,23,Male,AIDS,2nd Year,3.0,5.0,4.1,Medium,5,3,6,7,7,2.4,Good,77.6,7.35,Poor,High
STU00731,23,Female,CIVIL,2nd Year,4.0,6.8,4.4,Low,5,3,4,3,8,2.1,Poor,69.4,8.47,Good,Low
STU00732,21,Male,CIVIL,4th Year,4.5,7.6,5.8,Medium,5,2,4,7,6,2.6,Average,91.3,7.87,Average,Low
STU00733,25,Female,ECE,3rd Year,7.7,5.9,4.7,High,8,5,8,5,5,1.7,Poor,74.3,7.84,Average,High
STU00734,24,Male,ECE,4th Year,3.3,5.5,5.5,High,8,6,6,9,4,2.3,Poor,77.1,7.19,Average,High
STU00735,19,Female,CSE,1st Year,6.4,6.9,5.7,Low,6,2,7,4,6,1.7,Good,77.5,7.63,Good,Low
STU00736,23,Female,CIVIL,4th Year,7.5,5.5,5.7,High,8,6,9,3,5,0.4,Average,82.1,7.54,Average,High
STU00737,23,Female,AIML,3rd Year,4.1,7.0,8.5,Medium,5,2,7,7,4,1.2,Average,85.0,6.88,Good,Low
STU00738,20,Male,AIDS,3rd Year,5.3,6.1,5.1,Low,4,7,5,8,8,2.2,Good,88.6,8.33,Average,Medium
STU00739,23,Male,AIDS,4th Year,6.1,6.6,3.8,Medium,6,5,5,7,7,2.0,Average,76.7,7.93,Poor,Medium
STU00740,25,Female,Cyber,2nd Year,5.4,7.2,2.9,Low,3,2,3,2,8,1.8,Average,87.7,7.55,Average,Low
STU00741,24,Male,CSE,3rd Year,5.2,6.7,4.2,High,6,5,7,7,2,2.4,Poor,84.3,8.25,Average,High
STU00742,24,Male,CSE,3rd Year,3.4,9.0,2.7,Low,3,3,1,6,8,1.8,Good,100.0,9.25,Average,Low
STU00743,23,Male,AIDS,4th Year,5.9,7.5,5.0,Low,5,4,5,6,6,2.1,Good,89.1,7.96,Good,Low
STU00744,20,Female,Cyber,4th Year,3.8,8.4,2.0,Low,4,1,2,6,9,2.4,Good,83.1,8.0,Good,Low
STU00745,24,Female,CSE,3rd Year,5.0,6.3,4.6,Low,7,6,4,4,9,0.8,Poor,84.9,8.61,Good,Low
STU00746,20,Female,ECE,1st Year,5.7,6.1,8.1,High,8,9,10,10,1,0.9,Average,73.4,7.64,Average,High
STU00747,22,Female,AIML,1st Year,6.5,6.6,4.4,High,4,4,5,7,5,2.9,Average,66.5,7.8,Average,High
STU00748,20,Male,AIDS,4th Year,8.6,6.5,6.7,Medium,6,6,5,3,6,0.8,Poor,64.3,8.19,Good,Medium
STU00749,20,Male,AIML,4th Year,4.3,6.1,5.1,High,10,4,10,6,1,1.0,Poor,70.9,7.27,Average,High
STU00750,19,Male,CSE,4th Year,5.2,6.1,5.1,Medium,7,4,8,9,4,0.7,Average,80.3,8.59,Good,High
STU00751,25,Female,CSE,1st Year,2.1,6.9,3.4,Low,4,4,6,4,10,1.3,Good,83.1,7.99,Good,Low
STU00752,19,Male,Cyber,2nd Year,7.5,6.7,5.0,Medium,4,5,6,3,8,0.9,Poor,91.9,8.55,Average,High
STU00753,18,Female,Cyber,3rd Year,5.1,6.3,3.9,Medium,6,6,7,3,8,2.0,Average,74.5,8.45,Good,Medium
STU00754,25,Female,AIDS,3rd Year,4.3,7.3,7.3,High,3,3,6,6,8,1.2,Good,73.8,6.63,Good,High
STU00755,22,Male,Cyber,1st Year,5.0,6.8,2.6,High,8,7,5,5,7,2.4,Average,77.9,8.66,Average,Medium
STU00756,21,Female,AIML,3rd Year,5.4,7.6,7.6,High,8,8,8,5,7,0.9,Poor,72.7,7.29,Good,High
STU00757,23,Male,AIML,1st Year,3.9,8.6,7.3,High,10,6,9,7,7,1.2,Average,76.9,7.8,Poor,High
STU00758,21,Female,AIML,2nd Year,6.7,7.2,4.1,High,2,5,3,4,6,2.3,Good,83.0,9.39,Poor,High
STU00759,19,Female,CIVIL,1st Year,6.0,7.5,4.5,Low,4,2,3,1,7,0.9,Good,68.5,7.9,Average,Low
STU00760,23,Female,CSE,1st Year,6.3,8.0,7.2,Medium,5,2,6,2,7,1.8,Poor,63.5,7.68,Average,Medium
STU00761,19,Male,CIVIL,1st Year,3.9,6.2,9.0,Medium,8,5,9,4,5,1.5,Poor,80.3,7.65,Average,High
STU00762,22,Male,AIML,4th Year,4.0,5.3,6.0,Medium,8,6,8,10,6,1.7,Poor,67.8,6.61,Good,Low
STU00763,25,Male,CSE,3rd Year,5.5,6.9,7.8,High,10,9,10,10,2,0.0,Poor,53.8,8.12,Average,High
STU00764,25,Male,AIML,4th Year,6.3,7.7,4.1,Low,3,5,5,4,10,1.2,Good,89.1,8.16,Average,Low
STU00765,20,Male,CSE,2nd Year,5.8,7.3,3.3,Medium,7,4,4,10,9,2.0,Average,96.2,9.12,Good,High
STU00766,24,Male,AIDS,2nd Year,3.7,7.8,6.3,High,7,6,5,6,7,2.1,Poor,78.6,7.47,Poor,High
STU00767,22,Female,Cyber,2nd Year,6.0,7.9,4.9,Low,3,3,6,5,5,1.4,Average,87.2,8.23,Good,Low
STU00768,21,Male,AIML,3rd Year,3.2,6.8,3.0,Medium,8,2,5,7,5,0.9,Average,84.8,8.42,Average,High
STU00769,19,Male,ECE,2nd Year,3.7,6.1,5.4,Low,7,2,5,1,6,1.5,Average,65.4,7.2,Good,Low
STU00770,21,Female,ECE,3rd Year,4.6,7.8,3.2,Low,1,1,1,1,10,1.9,Good,100.0,8.76,Good,High
STU00771,23,Female,CIVIL,4th Year,2.9,7.8,4.5,Medium,6,4,8,3,5,1.7,Poor,91.4,8.37,Poor,Medium
STU00772,25,Female,CIVIL,4th Year,3.2,7.5,4.2,Medium,6,4,6,4,5,1.0,Average,97.5,7.92,Poor,Medium
STU00773,18,Female,ECE,1st Year,8.1,5.9,6.9,High,9,9,8,7,2,1.6,Average,72.8,7.36,Poor,High
STU00774,23,Female,AIDS,2nd Year,7.5,8.4,7.3,Medium,8,5,4,5,10,1.6,Good,72.9,8.57,Good,Medium
STU00775,24,Female,AIDS,1st Year,8.8,7.3,4.6,Low,5,1,2,2,8,2.5,Average,98.5,9.4,Good,Low
STU00776,25,Male,Cyber,1st Year,5.7,7.8,6.0,Medium,6,3,6,7,7,0.3,Good,87.2,8.94,Average,Medium
STU00777,21,Female,ECE,3rd Year,5.6,8.1,2.2,Low,4,4,1,2,8,1.3,Average,98.4,8.33,Average,Low
STU00778,18,Male,CSE,3rd Year,4.4,9.0,3.6,Low,4,5,3,3,10,2.6,Good,82.3,7.91,Good,High
STU00779,20,Male,AIDS,3rd Year,4.5,7.1,6.6,High,7,7,7,6,3,0.9,Poor,81.3,7.45,Average,High
STU00780,24,Male,CIVIL,1st Year,6.5,7.0,3.2,Medium,5,2,6,7,5,0.8,Average,74.7,8.39,Good,Medium
STU00781,25,Male,CSE,4th Year,7.7,6.1,6.3,High,10,7,7,8,4,1.1,Poor,77.8,7.1,Good,Medium
STU00782,23,Female,AIDS,4th Year,5.9,7.9,4.1,Low,1,2,2,2,10,2.3,Good,88.1,7.95,Average,Low
STU00783,18,Male,CIVIL,2nd Year,3.4,6.3,4.9,Medium,4,4,4,2,5,1.5,Average,100.0,7.7,Average,Medium
STU00784,18,Male,AIML,4th Year,5.6,5.8,5.2,Low,5,3,8,1,9,1.9,Poor,88.5,7.63,Average,Medium
STU00785,21,Male,Cyber,1st Year,3.9,6.6,6.1,High,8,6,7,5,5,1.3,Poor,60.5,7.87,Average,High
STU00786,22,Female,CIVIL,3rd Year,4.6,5.9,5.0,High,7,5,7,8,4,1.4,Poor,79.0,8.13,Good,Medium
STU00787,18,Male,CIVIL,4th Year,8.1,6.0,4.2,Medium,5,4,8,3,7,2.0,Poor,82.1,7.63,Good,High
STU00788,23,Female,CSE,4th Year,3.2,5.9,6.5,High,10,9,8,10,3,1.0,Poor,71.3,7.18,Good,High
STU00789,22,Female,AIML,4th Year,8.8,7.0,6.6,Low,5,5,5,6,6,1.6,Average,74.8,6.74,Average,Low
STU00790,18,Male,ECE,2nd Year,6.3,6.1,7.7,High,10,7,8,6,5,1.5,Poor,81.3,7.35,Average,High
STU00791,18,Female,AIML,4th Year,3.9,8.9,3.8,Medium,4,3,2,5,4,2.2,Average,79.0,8.81,Good,Medium
STU00792,21,Male,AIML,3rd Year,4.9,8.0,3.8,Low,6,4,4,9,9,1.4,Average,91.5,8.03,Average,Low
STU00793,23,Male,CSE,1st Year,4.0,8.3,5.3,Medium,8,9,5,4,4,1.2,Poor,70.2,6.94,Poor,Medium
STU00794,24,Female,CSE,1st Year,3.6,7.2,3.3,Medium,5,4,5,3,8,2.3,Good,84.5,9.05,Average,Low
STU00795,21,Female,ECE,3rd Year,5.3,7.2,6.1,Medium,8,7,8,2,8,1.0,Good,87.1,7.21,Good,Medium
STU00796,20,Male,ECE,3rd Year,4.4,6.4,6.7,High,6,5,7,2,5,1.2,Poor,85.5,8.75,Good,Low
STU00797,25,Female,ECE,2nd Year,3.6,5.7,9.1,High,9,6,5,4,6,0.4,Poor,77.4,9.09,Average,Medium
STU00798,21,Male,AIDS,4th Year,4.6,8.8,4.1,Medium,9,7,4,9,7,0.0,Good,82.0,7.86,Good,High
STU00799,20,Female,AIML,3rd Year,2.6,6.1,6.1,Medium,6,6,8,3,7,1.3,Poor,82.5,8.47,Average,Low
STU00800,21,Female,AIML,2nd Year,2.8,4.5,6.4,High,8,5,10,4,5,1.4,Poor,73.4,6.66,Average,High
STU00801,18,Female,CSE,2nd Year,2.5,6.5,4.2,Low,5,4,6,3,7,1.1,Good,72.8,6.95,Average,Medium
STU00802,20,Female,CSE,3rd Year,7.8,5.4,3.2,Medium,5,5,5,5,10,2.5,Poor,89.7,7.9,Good,Medium
STU00803,22,Male,AIML,3rd Year,5.8,5.7,6.0,Medium,7,3,7,3,7,0.8,Poor,92.1,8.38,Average,Medium
STU00804,25,Female,CSE,3rd Year,6.1,6.0,7.9,Medium,3,3,4,8,5,2.0,Good,87.0,8.03,Average,Low
STU00805,23,Female,CSE,2nd Year,4.9,7.1,5.2,Medium,5,4,6,4,5,1.9,Poor,85.9,7.97,Average,Medium
STU00806,24,Female,CSE,3rd Year,5.9,5.0,4.1,Medium,7,2,4,7,5,2.7,Poor,72.7,7.19,Good,Medium
STU00807,22,Male,ECE,3rd Year,7.5,7.0,6.4,Medium,8,5,7,7,5,1.2,Poor,81.8,7.53,Good,Medium
STU00808,18,Male,ECE,4th Year,5.6,5.4,3.3,Medium,6,4,3,6,9,0.9,Average,87.8,7.78,Average,High
STU00809,21,Male,CIVIL,1st Year,7.8,6.9,4.8,Low,6,5,6,7,8,2.2,Good,90.2,7.77,Good,Medium
STU00810,25,Male,AIDS,3rd Year,4.5,7.4,4.6,Low,2,2,2,6,7,3.0,Good,98.0,7.98,Poor,Low
STU00811,18,Male,ECE,2nd Year,6.1,7.6,4.3,Medium,7,7,6,5,7,0.5,Average,94.9,8.22,Poor,Medium
STU00812,25,Male,CSE,1st Year,6.4,6.8,2.0,High,8,6,7,8,7,1.6,Poor,70.1,7.29,Average,High
STU00813,23,Female,ECE,3rd Year,3.5,7.4,6.3,High,8,6,6,8,5,1.7,Average,67.9,7.47,Good,Medium
STU00814,20,Male,CSE,3rd Year,5.1,6.4,4.6,Medium,8,3,5,9,9,1.3,Poor,82.7,6.93,Average,Low
STU00815,24,Female,Cyber,2nd Year,1.9,5.9,5.1,High,8,6,7,5,3,0.0,Poor,70.3,7.66,Average,Medium
STU00816,24,Female,AIML,4th Year,4.9,6.8,4.9,Medium,5,7,5,5,6,1.1,Average,69.9,7.72,Average,Low
STU00817,18,Female,Cyber,2nd Year,4.8,7.1,6.7,High,8,8,7,8,3,0.8,Poor,86.8,7.52,Average,High
STU00818,18,Male,AIML,1st Year,4.6,7.0,5.6,Medium,5,6,6,6,6,2.0,Average,69.5,7.59,Good,Medium
STU00819,23,Male,ECE,2nd Year,4.7,6.2,7.8,High,10,8,10,10,5,0.9,Poor,74.8,7.91,Good,Medium
STU00820,25,Female,AIDS,2nd Year,5.9,7.1,6.3,Medium,7,6,6,7,9,1.3,Average,69.7,7.09,Average,Medium
STU00821,18,Female,AIDS,3rd Year,3.1,7.5,3.7,Low,4,3,1,2,9,1.6,Good,88.5,8.3,Good,Low
STU00822,23,Male,ECE,4th Year,8.5,6.8,5.1,Medium,8,8,7,3,5,1.4,Poor,88.5,7.26,Average,Medium
STU00823,19,Male,Cyber,3rd Year,6.2,8.2,6.1,High,9,5,10,2,4,1.3,Poor,88.2,7.87,Average,High
STU00824,23,Female,CSE,1st Year,3.9,5.7,6.4,High,7,7,8,9,3,0.5,Poor,83.3,7.3,Average,High
STU00825,22,Female,AIDS,2nd Year,6.5,5.8,4.1,High,8,6,9,4,3,1.2,Poor,75.6,7.56,Good,High
STU00826,18,Male,Cyber,1st Year,7.3,5.3,9.4,High,8,9,10,9,5,0.5,Poor,82.1,7.96,Average,High
STU00827,23,Male,AIML,3rd Year,5.8,6.8,6.7,Medium,6,4,8,2,7,0.0,Poor,82.7,8.24,Good,Medium
STU00828,25,Male,AIML,1st Year,3.2,4.8,4.8,High,8,5,6,4,4,1.8,Poor,77.5,8.32,Poor,High
STU00829,24,Female,CIVIL,2nd Year,8.7,7.4,2.0,Low,4,1,2,4,8,2.3,Good,91.3,8.37,Good,Low
STU00830,18,Male,ECE,4th Year,6.2,7.4,5.2,High,8,6,6,9,6,1.5,Average,87.7,8.34,Average,High
STU00831,19,Male,Cyber,3rd Year,2.6,6.6,3.9,Medium,4,5,4,5,6,1.5,Poor,73.9,8.15,Good,High
STU00832,19,Female,ECE,2nd Year,5.4,6.9,5.3,High,5,6,6,5,7,1.4,Average,72.6,7.58,Good,Medium
STU00833,21,Male,AIML,2nd Year,4.6,8.7,2.4,Low,6,6,4,7,8,1.9,Average,80.6,7.94,Poor,Low
STU00834,19,Male,Cyber,3rd Year,5.1,6.8,5.0,High,9,7,8,6,7,1.0,Average,70.1,7.6,Good,Medium
STU00835,24,Male,AIML,3rd Year,2.8,4.8,4.6,High,6,6,7,5,8,2.0,Poor,72.5,8.51,Good,Medium
STU00836,24,Male,Cyber,1st Year,5.3,5.0,5.8,High,6,7,6,7,4,0.4,Poor,74.4,8.04,Average,Medium
STU00837,24,Male,ECE,4th Year,2.8,8.1,2.4,Low,1,1,1,1,10,2.5,Good,100.0,8.57,Average,Low
STU00838,19,Male,CSE,2nd Year,4.4,6.0,5.4,Medium,4,4,6,5,5,1.4,Poor,88.9,7.68,Good,Low
STU00839,18,Female,AIDS,2nd Year,6.0,6.2,8.3,High,9,7,7,8,5,1.6,Poor,79.2,8.13,Good,High
STU00840,25,Female,AIML,1st Year,4.6,5.5,6.2,High,9,8,7,9,4,0.3,Poor,75.0,8.04,Average,High
STU00841,20,Male,ECE,2nd Year,4.7,7.4,4.7,High,6,5,6,7,6,0.8,Poor,95.4,8.01,Good,High
STU00842,23,Female,ECE,2nd Year,6.9,4.9,4.5,Medium,10,6,9,8,5,0.1,Poor,70.1,7.79,Average,High
STU00843,25,Male,ECE,2nd Year,3.4,6.5,4.7,High,7,3,4,7,7,1.1,Average,83.2,8.52,Poor,High
STU00844,18,Female,ECE,3rd Year,3.8,7.0,3.4,High,6,5,6,6,5,1.6,Average,77.3,7.72,Average,High
STU00845,18,Male,CIVIL,2nd Year,2.9,6.8,6.9,High,10,7,8,5,3,0.3,Poor,69.3,7.59,Poor,Medium
STU00846,18,Female,Cyber,4th Year,3.5,6.9,5.1,Medium,7,5,7,7,7,1.3,Poor,91.5,8.21,Average,Medium
STU00847,19,Male,AIDS,4th Year,5.0,5.1,5.7,Medium,3,7,4,4,10,2.1,Poor,83.1,7.91,Average,Medium
STU00848,18,Female,ECE,1st Year,6.0,7.2,6.6,Medium,5,3,2,6,7,1.6,Good,89.9,9.13,Average,Medium
STU00849,24,Male,AIML,1st Year,3.3,7.3,3.1,Medium,3,3,4,5,6,1.9,Average,85.0,7.94,Average,Low
STU00850,22,Female,AIML,4th Year,6.2,7.3,5.2,Low,9,8,7,5,8,0.5,Average,89.6,7.94,Good,Low
STU00851,25,Male,Cyber,4th Year,5.2,7.4,6.9,Low,6,6,6,3,7,1.4,Average,74.0,8.9,Average,Low
STU00852,24,Female,AIML,4th Year,2.4,7.2,5.1,Medium,6,5,7,4,7,1.6,Good,92.9,6.98,Good,High
STU00853,25,Male,AIML,1st Year,5.2,7.4,5.4,Low,2,5,3,3,5,1.6,Good,91.7,8.3,Average,Low
STU00854,19,Female,AIML,1st Year,7.3,7.7,7.0,High,6,6,3,6,5,1.4,Average,65.4,7.36,Average,Low
STU00855,20,Female,ECE,1st Year,1.8,7.4,7.1,Medium,7,8,6,5,6,1.1,Poor,74.4,7.47,Average,Medium
STU00856,24,Female,CSE,4th Year,8.3,7.7,4.7,Low,2,4,4,5,9,1.6,Good,95.3,7.87,Good,Low
STU00857,19,Male,AIDS,3rd Year,3.6,9.0,5.9,Low,3,1,3,4,7,1.4,Good,100.0,8.19,Average,Low
STU00858,18,Male,Cyber,2nd Year,2.3,5.7,6.0,High,9,7,6,10,5,1.7,Poor,83.4,7.55,Average,High
STU00859,23,Male,ECE,3rd Year,4.9,6.5,4.6,Low,2,1,1,1,7,1.3,Good,85.0,8.46,Good,Low
STU00860,24,Male,CSE,1st Year,6.6,6.5,5.5,Medium,5,8,6,5,8,1.4,Poor,71.8,8.24,Good,Medium
STU00861,25,Female,Cyber,3rd Year,4.9,5.6,8.0,High,9,8,7,9,5,1.9,Poor,79.3,6.16,Good,High
STU00862,25,Female,CSE,1st Year,6.0,4.0,5.7,High,9,9,10,5,3,1.5,Poor,71.3,7.34,Poor,High
STU00863,18,Female,ECE,3rd Year,9.0,5.8,3.7,High,8,6,7,6,3,1.5,Poor,75.6,7.75,Poor,Medium
STU00864,24,Male,AIML,3rd Year,5.5,6.7,6.7,High,7,3,6,7,5,1.4,Poor,77.0,7.66,Average,High
STU00865,24,Female,CIVIL,3rd Year,10.0,5.5,5.9,High,10,10,9,7,2,0.6,Poor,78.9,7.53,Good,High
STU00866,23,Female,AIML,2nd Year,6.7,7.4,2.0,Low,1,1,1,3,9,1.8,Average,100.0,8.38,Average,Low
STU00867,24,Female,ECE,4th Year,5.0,7.1,6.4,Low,5,3,5,2,5,1.5,Poor,92.3,7.3,Poor,Low
STU00868,24,Male,AIML,3rd Year,5.7,6.4,7.2,High,8,8,8,1,3,1.5,Poor,78.3,7.8,Average,High
STU00869,21,Male,ECE,1st Year,4.3,7.6,4.5,Medium,6,7,5,5,7,1.8,Poor,76.3,7.38,Average,Medium
STU00870,18,Female,Cyber,1st Year,5.8,5.5,2.4,High,10,7,8,4,4,1.5,Poor,81.8,7.83,Good,High
STU00871,21,Male,AIML,3rd Year,6.0,7.6,5.9,Low,7,5,4,6,10,2.2,Average,95.5,7.6,Poor,Medium
STU00872,19,Male,CSE,2nd Year,4.3,5.7,6.2,High,8,5,5,7,7,1.4,Poor,89.4,8.3,Poor,Medium
STU00873,18,Female,CSE,1st Year,2.4,6.5,5.6,High,7,3,4,9,5,1.7,Average,84.9,7.87,Average,High
STU00874,18,Female,CSE,1st Year,7.2,8.6,5.3,Medium,7,3,7,7,5,0.6,Good,80.4,8.17,Poor,Medium
STU00875,23,Female,CIVIL,1st Year,6.6,6.2,4.5,Low,3,6,2,7,8,2.9,Average,87.2,8.07,Average,Low
STU00876,22,Female,AIML,2nd Year,2.5,6.1,4.9,Low,7,5,6,7,5,1.2,Average,90.0,7.58,Poor,Medium
STU00877,22,Male,CSE,3rd Year,5.1,6.1,3.1,Low,6,2,4,4,9,2.1,Average,87.3,8.07,Good,Low
STU00878,23,Male,CIVIL,1st Year,7.1,5.5,5.2,High,9,6,7,5,5,0.9,Poor,76.9,8.36,Good,High
STU00879,22,Female,CSE,3rd Year,6.8,6.6,6.2,High,7,7,8,10,2,1.0,Poor,73.6,6.9,Good,High
STU00880,23,Female,AIML,2nd Year,4.0,6.8,6.6,Medium,9,4,7,5,3,1.0,Poor,97.8,7.36,Good,High
STU00881,18,Male,ECE,2nd Year,6.5,7.4,5.2,Low,4,3,3,7,7,1.2,Average,80.0,8.87,Average,Low
STU00882,24,Female,CIVIL,1st Year,4.6,7.4,2.0,Low,5,5,3,3,10,0.7,Average,81.8,8.82,Poor,Low
STU00883,21,Male,ECE,4th Year,5.7,5.7,3.0,Medium,4,7,8,2,5,2.1,Poor,83.3,8.71,Average,Medium
STU00884,19,Female,Cyber,4th Year,4.1,4.6,7.3,High,10,10,10,10,2,0.8,Poor,67.3,6.88,Good,High
STU00885,24,Male,CIVIL,2nd Year,1.0,4.7,5.0,High,6,8,8,10,2,0.6,Poor,84.5,6.67,Poor,Medium
STU00886,23,Male,CSE,1st Year,3.5,7.8,4.9,Medium,5,6,4,9,7,1.9,Average,93.0,7.5,Average,High
STU00887,18,Male,CIVIL,1st Year,6.1,7.3,3.9,High,10,6,6,5,6,1.8,Average,70.4,7.58,Average,Medium
STU00888,19,Male,AIDS,1st Year,4.8,6.4,7.4,Medium,7,7,7,6,7,0.9,Poor,72.7,8.03,Average,Low
STU00889,18,Female,CIVIL,4th Year,5.8,7.9,2.9,Low,3,5,1,3,9,2.2,Good,81.2,8.2,Good,Low
STU00890,20,Male,AIML,1st Year,7.3,6.8,8.5,High,10,5,10,6,3,1.6,Average,82.1,7.47,Good,High
STU00891,18,Male,CSE,4th Year,4.4,7.0,5.7,Medium,6,5,5,8,9,0.8,Good,86.2,8.2,Average,Medium
STU00892,23,Female,ECE,3rd Year,4.2,8.1,3.7,Medium,6,5,5,6,6,1.8,Good,79.4,7.89,Good,High
STU00893,22,Female,Cyber,2nd Year,1.1,5.9,7.9,Low,6,5,4,1,7,1.7,Poor,83.6,7.49,Poor,Low
STU00894,25,Male,Cyber,4th Year,2.5,5.9,6.6,High,8,7,8,10,3,2.1,Poor,67.8,6.78,Poor,High
STU00895,23,Male,CIVIL,1st Year,2.4,6.8,4.7,Low,4,4,1,3,8,2.1,Average,79.5,8.5,Average,Low
STU00896,22,Male,ECE,3rd Year,5.6,8.3,3.6,Low,3,2,1,2,8,1.9,Good,79.3,8.98,Good,Medium
STU00897,22,Female,AIML,1st Year,4.5,5.3,6.1,Medium,8,7,5,6,6,1.2,Poor,81.7,7.22,Average,High
STU00898,18,Male,AIML,4th Year,3.5,9.0,4.0,Low,4,2,1,7,10,3.0,Good,92.3,8.3,Poor,Low
STU00899,18,Male,CSE,2nd Year,3.8,7.5,3.8,Medium,6,4,7,4,6,1.4,Average,75.5,8.25,Good,Low
STU00900,22,Male,CSE,1st Year,3.9,7.7,6.0,High,9,6,9,7,3,1.4,Poor,80.0,6.89,Average,High
STU00901,18,Female,CSE,4th Year,6.8,6.4,5.9,Medium,8,5,9,5,6,1.2,Poor,87.9,8.11,Average,Medium
STU00902,18,Male,AIDS,1st Year,5.4,5.7,6.9,Medium,7,7,9,6,3,1.7,Poor,69.1,7.34,Good,Low
STU00903,19,Female,ECE,1st Year,6.9,7.1,6.5,High,6,5,8,2,3,1.9,Poor,76.6,7.12,Good,High
STU00904,25,Male,Cyber,4th Year,1.7,6.4,7.6,High,10,10,10,10,3,0.6,Poor,75.3,7.99,Good,Medium
STU00905,21,Female,AIML,2nd Year,5.8,6.5,4.0,Low,3,4,3,8,7,1.5,Good,84.6,7.96,Good,Medium
STU00906,23,Male,ECE,4th Year,4.2,4.8,4.8,High,7,7,5,1,5,1.1,Poor,69.2,7.93,Average,High
STU00907,21,Male,AIDS,3rd Year,4.4,5.4,3.3,Medium,6,3,5,4,8,0.7,Poor,80.4,7.38,Good,High
STU00908,19,Male,CIVIL,3rd Year,7.7,6.5,6.8,High,7,5,8,6,6,1.2,Poor,73.9,8.56,Good,High
STU00909,20,Female,Cyber,2nd Year,4.3,8.2,4.3,Medium,6,6,6,6,6,1.6,Good,80.9,8.96,Average,Medium
STU00910,18,Female,AIDS,1st Year,6.3,4.7,6.5,High,9,8,9,6,2,0.4,Poor,73.2,6.59,Average,High
STU00911,24,Male,Cyber,4th Year,3.0,6.8,5.0,High,3,3,3,2,6,0.7,Average,96.9,8.03,Good,High
STU00912,19,Male,Cyber,1st Year,5.4,5.7,6.5,High,10,8,10,2,5,1.1,Poor,74.0,8.2,Poor,High
STU00913,21,Female,AIDS,2nd Year,2.3,8.2,5.7,Medium,6,7,5,8,5,1.5,Good,65.6,7.2,Average,High
STU00914,25,Female,AIML,2nd Year,4.9,8.9,4.0,Low,4,3,6,4,5,1.7,Good,82.9,8.16,Good,Low
STU00915,22,Male,AIML,1st Year,5.8,6.9,6.0,High,7,8,7,4,4,0.8,Poor,93.5,7.0,Good,High
STU00916,21,Male,AIML,3rd Year,7.1,7.5,5.0,Medium,7,5,4,10,7,1.6,Average,79.5,7.49,Good,Low
STU00917,22,Female,Cyber,4th Year,3.6,7.4,5.4,Medium,7,8,5,4,5,1.3,Average,76.9,7.87,Good,Medium
STU00918,24,Female,Cyber,3rd Year,4.0,5.8,6.5,Medium,8,3,4,5,8,2.0,Poor,80.5,7.59,Poor,Medium
STU00919,20,Female,ECE,4th Year,3.7,7.8,5.2,Medium,4,4,5,8,9,1.2,Average,89.8,7.93,Good,Low
STU00920,23,Female,Cyber,2nd Year,4.5,6.1,4.2,Low,4,4,4,5,6,2.2,Good,81.0,7.15,Average,Low
STU00921,24,Male,CSE,2nd Year,2.8,7.6,3.5,Low,4,1,2,1,10,2.9,Good,77.4,8.6,Good,Low
STU00922,22,Male,AIDS,1st Year,1.3,7.4,8.0,High,9,7,5,6,5,1.3,Average,72.8,6.67,Average,Medium
STU00923,21,Male,AIML,3rd Year,2.8,7.6,3.7,Medium,5,1,6,7,9,2.2,Good,87.0,9.05,Good,High
STU00924,19,Male,CIVIL,2nd Year,4.9,7.9,5.1,Low,5,4,5,10,3,2.0,Good,87.3,7.65,Average,Low
STU00925,19,Male,CSE,3rd Year,4.9,7.6,6.6,High,9,8,8,5,4,0.7,Poor,74.4,8.1,Good,Medium
STU00926,25,Male,ECE,1st Year,6.2,4.8,6.2,High,9,6,7,6,3,0.9,Poor,75.9,8.07,Average,High
STU00927,22,Male,Cyber,4th Year,6.1,5.8,3.1,Low,2,1,1,5,9,2.2,Average,90.3,8.01,Average,Low
STU00928,20,Female,AIDS,4th Year,4.2,7.9,4.2,High,6,6,8,8,7,2.6,Average,76.2,7.53,Average,High
STU00929,21,Male,CSE,4th Year,2.3,7.6,5.6,Medium,7,5,4,8,6,0.7,Good,79.2,7.38,Poor,Medium
STU00930,22,Male,CIVIL,1st Year,5.7,7.0,6.1,High,8,4,6,5,7,2.4,Poor,85.5,7.76,Good,Medium
STU00931,22,Female,Cyber,4th Year,5.3,6.4,8.1,High,7,9,7,6,3,0.9,Poor,66.5,6.69,Average,High
STU00932,23,Female,ECE,1st Year,4.3,8.1,2.6,Low,3,1,3,5,9,1.8,Poor,88.1,8.47,Average,Medium
STU00933,20,Female,Cyber,2nd Year,6.7,8.7,5.6,Low,1,1,1,4,10,2.9,Good,82.5,8.2,Poor,Low
STU00934,23,Female,CSE,1st Year,6.0,6.1,5.6,High,7,7,6,5,4,2.3,Poor,69.8,7.56,Poor,High
STU00935,21,Female,Cyber,1st Year,5.1,8.0,5.9,Medium,5,2,4,4,6,1.9,Average,79.1,8.6,Good,Low
STU00936,25,Male,AIML,3rd Year,4.9,7.5,2.7,Low,3,4,1,1,8,2.8,Good,100.0,8.9,Average,Low
STU00937,19,Male,AIML,1st Year,6.5,7.1,3.0,Medium,6,4,5,7,7,1.0,Good,69.0,7.57,Average,Medium
STU00938,19,Female,ECE,2nd Year,4.1,6.3,4.6,High,9,8,8,7,3,0.8,Poor,72.8,8.01,Average,Low
STU00939,21,Male,Cyber,3rd Year,3.1,6.7,3.6,Low,3,4,1,6,6,1.2,Average,87.5,8.6,Average,Low
STU00940,22,Male,CSE,4th Year,5.2,4.8,8.0,High,10,8,10,8,1,0.4,Average,80.8,6.88,Good,Medium
STU00941,23,Male,CSE,3rd Year,2.7,9.0,4.5,Low,2,2,3,5,9,2.1,Good,100.0,7.94,Poor,Low
STU00942,21,Male,CSE,3rd Year,4.9,5.9,5.0,Low,7,5,5,3,8,1.6,Average,78.2,8.4,Average,Medium
STU00943,25,Male,CSE,1st Year,4.9,7.8,5.6,Low,2,3,2,1,10,2.9,Poor,91.8,8.78,Good,Low
STU00944,21,Male,ECE,4th Year,4.9,7.3,5.2,Low,5,3,5,7,6,2.6,Good,81.1,7.07,Average,Low
STU00945,19,Female,CSE,1st Year,4.3,6.8,5.4,Medium,6,3,7,6,5,1.5,Poor,81.8,7.37,Average,High
STU00946,18,Female,CIVIL,1st Year,7.6,8.2,7.9,Low,3,4,6,4,8,1.6,Good,90.9,8.94,Average,Low
STU00947,25,Male,CSE,1st Year,7.4,5.5,7.7,High,10,8,10,6,1,1.1,Poor,56.6,6.35,Good,Medium
STU00948,19,Female,CSE,3rd Year,4.7,6.3,3.8,Medium,5,4,6,3,5,2.4,Average,83.8,8.5,Average,High
STU00949,25,Male,AIDS,2nd Year,5.0,7.6,5.4,Medium,5,4,7,6,7,1.9,Average,87.8,9.18,Average,High
STU00950,20,Female,AIML,3rd Year,7.7,5.8,7.0,High,10,6,8,9,5,1.5,Poor,70.8,7.88,Good,High
STU00951,18,Female,Cyber,2nd Year,4.4,7.4,7.2,High,10,10,10,6,6,1.2,Poor,77.5,6.83,Good,High
STU00952,20,Male,CIVIL,2nd Year,3.5,6.6,6.4,High,9,7,9,8,4,0.6,Poor,63.1,7.44,Good,High
STU00953,22,Female,CIVIL,2nd Year,5.1,6.8,6.0,Low,4,2,3,5,6,1.3,Good,88.2,8.89,Good,Low
STU00954,21,Female,ECE,1st Year,5.8,7.0,7.2,Medium,5,5,6,6,6,1.4,Poor,91.8,8.05,Poor,Medium
STU00955,24,Female,CSE,2nd Year,5.4,7.0,3.4,Low,5,1,1,9,9,2.0,Average,88.7,8.8,Good,Medium
STU00956,22,Female,ECE,3rd Year,6.7,6.5,5.2,Medium,7,5,8,7,4,1.3,Poor,70.1,7.19,Good,Medium
STU00957,21,Female,CIVIL,3rd Year,3.3,7.5,4.3,Low,3,1,1,8,9,2.0,Good,78.0,7.85,Average,Medium
STU00958,23,Male,CIVIL,1st Year,2.3,6.5,3.6,Low,4,6,1,6,6,0.8,Average,88.7,8.58,Average,Low
STU00959,25,Female,CSE,3rd Year,3.9,6.0,6.3,Medium,6,6,6,6,6,0.3,Poor,89.4,7.55,Poor,Low
STU00960,21,Female,AIML,2nd Year,6.2,8.7,6.2,Medium,6,5,5,8,6,1.7,Poor,79.5,6.41,Good,Medium
STU00961,19,Female,AIML,1st Year,3.3,7.0,8.4,Medium,5,6,5,7,9,1.2,Poor,79.5,7.71,Poor,Low
STU00962,21,Male,CSE,1st Year,1.9,5.6,8.5,High,10,5,9,6,4,0.8,Poor,59.7,7.29,Average,High
STU00963,24,Female,ECE,2nd Year,5.4,5.9,4.4,Medium,6,8,7,7,7,0.9,Poor,79.7,8.3,Good,Medium
STU00964,19,Male,AIML,2nd Year,4.1,6.9,5.1,High,9,8,6,10,5,0.8,Average,73.6,8.52,Good,Medium
STU00965,25,Female,AIML,3rd Year,1.6,6.9,2.0,Low,4,6,4,5,8,1.4,Good,82.5,8.15,Poor,Low
STU00966,22,Male,CSE,1st Year,5.6,4.9,4.0,High,8,9,9,1,6,1.5,Poor,87.3,7.89,Good,High
STU00967,22,Female,Cyber,3rd Year,4.1,7.2,4.6,Medium,5,4,4,4,5,1.6,Average,71.2,8.06,Average,Medium
STU00968,20,Female,CSE,2nd Year,8.5,5.8,5.2,High,9,9,8,9,3,1.2,Poor,60.8,7.59,Good,High
STU00969,25,Male,Cyber,3rd Year,5.7,5.3,9.2,High,9,7,10,9,5,1.2,Poor,74.8,7.21,Poor,High
STU00970,18,Male,CSE,4th Year,6.2,5.7,7.2,High,6,5,8,8,5,1.5,Poor,76.6,7.99,Poor,High
STU00971,20,Male,CIVIL,2nd Year,5.2,5.9,5.8,High,9,7,9,9,4,1.6,Poor,73.2,7.15,Good,High
STU00972,21,Female,CSE,1st Year,3.2,8.1,2.0,Low,1,1,1,3,10,2.6,Good,98.1,9.94,Poor,Low
STU00973,21,Female,Cyber,3rd Year,4.1,6.4,7.0,Medium,6,3,4,7,7,2.3,Average,84.9,6.64,Average,Medium
STU00974,21,Male,CSE,4th Year,7.2,6.4,8.4,High,8,5,7,10,6,1.6,Poor,69.3,7.91,Poor,High
STU00975,19,Male,CSE,4th Year,6.6,8.3,4.8,High,8,7,7,7,6,1.7,Poor,73.1,7.83,Good,High
STU00976,19,Male,CSE,1st Year,2.0,8.7,2.7,Low,3,4,1,5,8,1.4,Good,87.9,8.37,Good,Low
STU00977,18,Male,CSE,3rd Year,2.7,8.7,4.5,Low,3,3,5,6,8,1.7,Poor,84.7,7.26,Good,Low
STU00978,22,Female,CSE,2nd Year,2.2,7.7,3.5,Medium,1,1,1,4,10,1.4,Good,97.3,7.72,Good,High
STU00979,20,Female,Cyber,1st Year,7.0,8.1,4.9,Medium,7,7,5,6,7,2.1,Poor,75.5,8.17,Good,Medium
STU00980,22,Male,ECE,3rd Year,1.4,8.0,4.1,Low,2,3,1,3,8,1.8,Average,93.3,9.12,Average,Low
STU00981,22,Female,CSE,2nd Year,6.7,7.1,8.8,High,10,7,8,7,7,0.8,Poor,84.5,7.83,Average,High
STU00982,23,Male,Cyber,3rd Year,6.0,6.6,4.4,High,7,6,10,4,5,0.3,Poor,77.1,8.03,Good,High
STU00983,22,Female,ECE,4th Year,5.1,6.8,4.2,High,4,6,4,8,3,1.6,Average,83.3,7.82,Good,Medium
STU00984,23,Male,AIML,2nd Year,4.3,7.2,3.9,Medium,7,6,6,7,8,1.2,Average,77.8,7.88,Good,Medium
STU00985,22,Female,AIML,3rd Year,7.1,7.4,3.9,Low,5,6,4,3,7,2.6,Good,78.0,8.72,Good,Medium
STU00986,23,Female,CSE,2nd Year,5.3,5.1,5.0,Medium,4,8,4,6,5,1.9,Average,73.4,7.61,Average,Medium
STU00987,22,Male,AIML,1st Year,2.1,7.3,3.2,Low,4,4,4,1,7,1.6,Average,84.8,8.78,Good,Low
STU00988,20,Female,Cyber,2nd Year,3.0,7.2,6.4,High,8,4,7,7,6,0.4,Poor,82.8,6.75,Good,High
STU00989,19,Female,CIVIL,4th Year,1.6,8.0,3.9,Low,1,1,2,1,7,0.8,Good,82.3,7.88,Good,Low
STU00990,24,Male,CIVIL,2nd Year,6.7,8.2,3.9,Low,2,1,3,7,8,1.6,Good,89.6,8.89,Good,Low
STU00991,20,Male,CIVIL,1st Year,7.5,6.2,4.7,Medium,5,5,7,7,6,0.8,Poor,81.0,9.12,Average,High
STU00992,22,Female,Cyber,3rd Year,6.9,7.1,4.7,Medium,4,5,3,4,6,1.8,Good,97.2,8.23,Good,Medium
STU00993,19,Male,CSE,4th Year,4.8,6.6,5.0,High,5,8,7,6,5,1.3,Poor,86.6,7.31,Poor,High
STU00994,21,Male,AIML,4th Year,2.3,7.0,4.3,Medium,5,4,4,5,9,1.7,Average,90.6,9.09,Good,Medium
STU00995,22,Male,AIML,3rd Year,3.6,5.2,7.4,Medium,10,8,9,6,4,0.3,Poor,80.9,7.24,Poor,High
STU00996,23,Female,CSE,2nd Year,3.3,7.5,2.8,Low,7,3,6,5,7,1.5,Poor,76.9,8.1,Average,Low
STU00997,22,Male,CSE,3rd Year,5.0,7.0,5.8,Low,3,6,4,5,7,0.6,Poor,92.0,7.77,Poor,Low
STU00998,20,Male,Cyber,4th Year,7.5,6.9,4.2,High,7,5,8,6,6,1.4,Poor,82.4,8.07,Average,High
STU00999,25,Female,AIML,4th Year,7.7,8.1,5.7,High,8,4,8,6,3,1.6,Average,77.1,7.42,Average,High
STU01000,22,Male,CSE,4th Year,4.3,6.9,3.7,Medium,5,5,6,5,8,1.1,Poor,69.7,8.84,Good,High
STU01001,24,Female,ECE,2nd Year,1.1,7.6,5.1,Low,7,4,6,1,7,1.6,Average,76.8,8.2,Average,Low
STU01002,23,Male,AIML,1st Year,3.1,6.6,6.2,Medium,8,5,5,5,7,0.2,Average,64.6,8.42,Good,Medium
STU01003,22,Female,AIDS,3rd Year,6.7,7.5,4.2,Low,1,1,1,3,10,1.0,Good,88.2,8.14,Average,Low
STU01004,25,Female,AIML,1st Year,5.0,6.8,2.0,Low,1,1,1,5,8,2.3,Average,85.4,7.45,Poor,Low
STU01005,19,Male,Cyber,1st Year,4.3,7.1,5.7,Medium,3,4,3,7,3,2.1,Poor,79.2,7.72,Good,High
STU01006,25,Female,CSE,2nd Year,4.2,4.5,6.5,High,5,3,6,10,5,1.4,Average,71.8,9.22,Good,High
STU01007,24,Male,Cyber,3rd Year,3.8,6.7,5.1,High,7,5,9,7,6,2.5,Average,85.0,7.55,Average,High
STU01008,22,Male,CSE,4th Year,2.8,7.1,5.2,Medium,6,3,6,9,6,0.7,Average,86.7,8.43,Good,High
STU01009,23,Male,CSE,4th Year,8.9,6.3,3.0,High,7,5,6,10,5,0.9,Poor,92.9,7.5,Good,Medium
STU01010,22,Female,ECE,4th Year,7.8,7.4,2.9,Low,4,1,3,1,4,2.0,Good,100.0,8.13,Average,Low
STU01011,20,Male,AIML,3rd Year,3.5,5.7,5.5,Low,6,6,5,1,6,1.8,Average,83.3,7.82,Good,Medium
STU01012,24,Male,CSE,3rd Year,1.5,8.8,5.2,Low,3,3,1,1,7,1.6,Average,96.2,9.42,Good,Low
STU01013,19,Male,CIVIL,1st Year,5.4,6.3,4.8,High,8,7,5,7,4,0.8,Poor,82.3,8.44,Good,Medium
STU01014,20,Male,CSE,3rd Year,4.3,7.0,7.0,Low,1,4,1,5,10,2.5,Average,87.0,7.33,Average,Low
STU01015,22,Male,ECE,1st Year,6.2,7.1,5.9,Medium,5,6,7,6,4,1.5,Poor,78.2,8.21,Poor,High
STU01016,24,Male,Cyber,1st Year,6.2,7.7,2.2,Low,2,3,2,4,7,1.8,Good,93.7,7.88,Average,High
STU01017,21,Male,AIML,1st Year,2.8,6.7,6.5,Low,4,5,5,3,7,1.9,Good,100.0,7.72,Good,Low
STU01018,21,Male,Cyber,4th Year,7.5,5.9,4.4,Medium,4,6,5,3,6,1.1,Poor,87.3,8.13,Good,Low
STU01019,18,Female,CSE,3rd Year,4.4,6.7,5.8,High,6,5,7,4,5,1.3,Poor,82.9,8.6,Average,High
STU01020,18,Male,AIDS,4th Year,5.7,8.9,2.5,Low,4,2,2,4,10,2.0,Good,93.3,9.27,Good,Low
STU01021,18,Female,AIML,4th Year,4.4,7.6,2.8,High,6,2,8,3,5,1.3,Average,88.8,8.33,Average,High
STU01022,18,Male,CSE,4th Year,6.3,7.6,5.1,Low,3,3,2,3,6,1.5,Average,88.0,8.66,Average,Low
STU01023,24,Male,AIML,1st Year,1.0,8.5,3.3,Low,3,2,2,7,7,1.8,Good,95.7,9.07,Good,Low
STU01024,24,Male,CIVIL,4th Year,6.4,6.8,7.5,High,8,7,10,3,4,1.5,Average,80.2,7.07,Average,High
STU01025,24,Male,AIDS,4th Year,3.6,6.9,4.4,High,6,7,7,8,6,0.3,Poor,71.4,8.59,Average,High
STU01026,18,Male,CIVIL,4th Year,5.2,6.7,3.6,Medium,5,4,6,3,4,1.9,Poor,83.9,7.42,Average,Medium
STU01027,18,Female,ECE,1st Year,7.4,7.0,5.1,Medium,8,8,5,2,3,1.3,Poor,84.2,8.04,Average,Medium
STU01028,20,Male,ECE,1st Year,3.6,6.4,8.9,Medium,6,1,8,6,7,0.9,Poor,80.9,7.57,Good,High
STU01029,22,Male,Cyber,4th Year,3.2,5.9,6.0,Low,4,7,3,6,8,2.5,Good,85.7,7.31,Good,Low
STU01030,20,Female,CIVIL,1st Year,4.1,8.2,5.0,Low,4,1,4,1,9,1.9,Average,94.5,8.55,Average,Low
STU01031,21,Male,Cyber,2nd Year,4.1,8.4,5.6,Medium,4,5,4,7,8,0.9,Poor,83.6,8.14,Average,Medium
STU01032,19,Male,AIML,2nd Year,2.8,6.5,3.4,Low,2,3,2,6,7,2.8,Good,84.4,8.15,Average,Low
STU01033,23,Male,ECE,1st Year,5.0,7.4,8.0,Low,3,5,2,3,8,2.5,Average,80.1,8.05,Average,Low
STU01034,20,Male,Cyber,1st Year,5.3,6.3,5.9,Medium,7,5,8,10,7,1.0,Average,79.6,8.73,Average,Medium
STU01035,18,Male,CSE,4th Year,5.8,7.7,5.6,Low,5,1,5,1,6,1.4,Poor,94.8,9.33,Poor,Low
STU01036,23,Female,AIML,4th Year,4.3,5.3,9.2,High,10,9,10,10,2,0.2,Poor,66.6,7.56,Good,High
STU01037,25,Female,AIML,4th Year,3.0,9.0,2.3,Medium,3,2,4,1,6,0.9,Good,90.9,8.44,Average,Medium
STU01038,18,Male,AIDS,2nd Year,4.8,6.6,3.9,Medium,5,2,5,7,5,1.7,Average,80.0,7.02,Average,Low
STU01039,21,Female,AIML,1st Year,4.2,9.0,3.6,Low,5,3,3,2,9,2.5,Good,85.1,8.65,Poor,Low
STU01040,24,Female,AIDS,2nd Year,4.5,8.5,6.1,Low,7,3,6,5,9,2.0,Average,76.7,8.32,Good,Low
STU01041,23,Male,Cyber,2nd Year,3.6,7.5,3.2,Low,5,5,5,3,8,1.6,Average,84.4,8.4,Poor,Low
STU01042,24,Female,AIDS,1st Year,5.8,6.4,5.9,Medium,5,6,4,6,6,1.7,Poor,74.1,7.02,Average,Medium
STU01043,21,Female,CSE,3rd Year,3.2,7.1,4.5,Medium,4,7,5,7,7,1.0,Poor,94.2,8.55,Good,Medium
STU01044,20,Female,CIVIL,4th Year,4.7,6.9,3.0,Low,4,4,5,4,6,2.6,Poor,82.0,8.82,Average,Low
STU01045,23,Female,Cyber,2nd Year,4.3,8.1,4.2,Medium,5,5,4,10,5,1.2,Good,83.6,7.48,Good,Low
STU01046,19,Male,AIML,2nd Year,4.6,6.8,4.6,Low,2,2,2,4,7,1.6,Poor,86.9,8.72,Average,Low
STU01047,19,Male,AIML,2nd Year,7.0,7.0,2.7,Medium,7,2,2,8,6,1.4,Average,87.9,7.82,Good,Low
STU01048,22,Female,AIML,1st Year,2.5,6.8,6.7,Low,3,4,5,4,8,1.3,Average,95.6,7.98,Good,Medium
STU01049,23,Male,AIML,1st Year,1.0,5.2,5.9,Low,4,6,4,5,7,1.4,Average,73.3,7.09,Average,Low
STU01050,18,Male,ECE,2nd Year,4.1,7.3,6.2,Medium,7,7,6,5,6,1.2,Poor,81.7,7.52,Good,High
STU01051,22,Female,CIVIL,2nd Year,2.9,7.9,5.0,Medium,6,4,5,7,8,1.7,Average,70.5,7.58,Average,Low
STU01052,20,Male,ECE,3rd Year,1.0,6.4,3.6,Low,2,2,6,7,7,1.1,Average,92.9,8.13,Good,High
STU01053,22,Male,Cyber,4th Year,7.7,8.7,2.8,Low,1,2,1,1,7,2.2,Good,88.9,9.1,Good,Low
STU01054,25,Female,Cyber,1st Year,6.1,5.1,6.2,High,7,6,9,6,5,0.7,Poor,67.6,8.35,Good,High
STU01055,18,Male,AIDS,1st Year,6.0,7.2,3.7,High,6,5,5,5,6,2.1,Average,74.9,7.74,Good,High
STU01056,25,Male,AIDS,1st Year,4.7,6.3,6.1,High,10,6,7,6,6,1.6,Poor,85.1,7.92,Average,High
STU01057,21,Female,AIML,1st Year,6.1,6.2,5.2,High,8,5,7,7,4,1.0,Poor,62.8,6.81,Average,High
STU01058,24,Male,CIVIL,3rd Year,4.2,7.0,5.6,Low,5,5,3,1,6,1.2,Average,85.1,7.9,Average,Low
STU01059,21,Male,AIML,4th Year,6.2,7.3,5.0,Low,3,3,4,4,9,2.0,Good,83.2,8.3,Good,Low
STU01060,20,Male,AIDS,4th Year,5.3,6.5,3.1,High,7,7,4,8,5,1.0,Average,80.5,7.42,Good,High
STU01061,24,Female,CIVIL,3rd Year,5.0,6.5,5.6,High,9,6,8,4,7,1.4,Poor,75.0,8.06,Good,High
STU01062,23,Male,ECE,2nd Year,5.0,8.2,2.9,Medium,7,4,4,4,5,1.5,Good,75.8,7.86,Average,Medium
STU01063,19,Male,CSE,1st Year,7.5,6.6,2.3,Low,4,4,3,5,8,3.0,Good,80.6,8.27,Average,Medium
STU01064,23,Male,ECE,2nd Year,5.4,8.5,4.9,High,6,5,7,6,5,0.6,Average,84.0,8.48,Good,High
STU01065,24,Male,CSE,2nd Year,3.3,6.0,9.3,Medium,7,5,6,8,7,0.0,Average,77.4,7.41,Good,Medium
STU01066,21,Female,AIDS,4th Year,5.5,7.2,5.9,Medium,7,4,5,5,5,1.3,Poor,86.9,8.56,Poor,Medium
STU01067,25,Male,AIML,2nd Year,5.5,8.2,5.5,High,2,1,3,5,7,1.1,Poor,87.5,9.26,Poor,High
STU01068,23,Female,ECE,1st Year,4.9,6.3,6.4,Medium,4,5,7,3,7,0.9,Good,84.8,8.58,Average,Medium
STU01069,20,Male,CIVIL,2nd Year,4.7,8.5,4.8,Medium,4,6,4,7,7,1.1,Average,88.8,8.08,Poor,Medium
STU01070,18,Male,CSE,1st Year,3.1,7.2,6.6,High,6,7,6,8,6,0.9,Average,76.7,7.18,Good,Medium
STU01071,23,Female,AIML,4th Year,5.2,6.5,4.5,Medium,3,5,3,5,5,0.9,Poor,73.7,7.41,Average,Medium
STU01072,19,Male,ECE,1st Year,2.3,9.0,4.1,Low,2,4,2,6,10,2.7,Average,98.1,7.6,Average,Medium
STU01073,24,Male,AIML,1st Year,4.6,5.8,6.8,Medium,7,4,6,7,7,1.4,Poor,75.1,8.19,Average,High
STU01074,22,Female,CSE,1st Year,3.9,6.0,6.6,High,10,9,8,8,6,1.9,Poor,83.7,8.15,Average,High
STU01075,21,Male,CSE,4th Year,6.9,7.0,7.4,High,6,5,8,7,3,1.3,Poor,79.4,7.88,Good,High
STU01076,19,Male,AIML,2nd Year,7.8,7.5,5.5,High,7,8,5,5,7,2.0,Poor,77.8,7.23,Average,High
STU01077,23,Female,ECE,3rd Year,2.4,8.2,5.6,Low,3,4,3,2,8,2.0,Good,94.3,8.27,Poor,High
STU01078,19,Male,ECE,2nd Year,5.3,6.0,6.1,High,9,5,8,5,3,1.9,Poor,87.2,8.39,Average,High
STU01079,21,Male,CSE,1st Year,4.5,6.3,8.3,Medium,6,7,7,6,3,1.6,Average,85.2,8.15,Good,Medium
STU01080,24,Male,Cyber,4th Year,5.5,8.5,4.9,Low,2,2,2,5,8,1.5,Average,88.4,8.78,Good,Low
STU01081,25,Male,AIML,1st Year,5.0,7.4,4.0,Low,4,3,4,4,9,2.1,Good,98.5,10.0,Average,Low
STU01082,25,Male,AIML,1st Year,4.4,5.9,3.9,Low,6,6,5,4,6,1.4,Poor,67.6,7.86,Good,Medium
STU01083,25,Female,AIDS,3rd Year,5.3,5.6,4.8,Medium,7,4,9,4,4,1.2,Poor,70.0,6.44,Poor,Low
STU01084,22,Male,AIML,1st Year,4.5,8.4,3.5,Medium,7,5,7,7,7,1.7,Average,80.5,7.41,Average,Medium
STU01085,19,Female,Cyber,1st Year,8.1,5.7,5.8,High,7,5,9,6,5,1.6,Poor,89.6,8.09,Poor,Low
STU01086,24,Male,CIVIL,4th Year,3.1,8.0,2.0,Low,1,2,4,1,9,1.0,Average,97.6,8.49,Good,Low
STU01087,24,Male,Cyber,2nd Year,5.2,8.6,5.9,Low,3,5,1,6,8,1.7,Good,73.0,8.04,Good,Low
STU01088,25,Male,ECE,1st Year,5.4,8.4,3.5,Low,2,2,1,4,8,2.6,Good,87.8,8.49,Poor,Medium
STU01089,23,Female,CSE,2nd Year,5.6,6.6,4.5,Low,5,3,3,8,8,2.0,Average,75.4,7.7,Average,Medium
STU01090,19,Male,CSE,3rd Year,4.8,5.1,5.0,High,10,8,9,7,1,0.4,Poor,74.9,7.62,Poor,High
STU01091,22,Male,CSE,1st Year,8.0,7.4,6.1,High,10,6,10,10,4,0.0,Poor,80.0,8.24,Average,Low
STU01092,21,Female,AIDS,1st Year,1.3,5.7,2.5,Medium,5,4,4,7,4,2.4,Poor,88.7,8.69,Poor,Low
STU01093,24,Female,AIDS,3rd Year,2.9,6.7,6.7,Medium,4,3,6,5,9,1.6,Poor,87.0,8.98,Average,Low
STU01094,21,Male,CSE,3rd Year,6.1,7.3,3.2,High,8,6,8,2,3,2.4,Good,79.6,7.49,Good,High
STU01095,20,Female,CSE,4th Year,3.5,6.3,3.9,Medium,5,6,8,6,8,1.8,Average,79.1,7.67,Poor,Low
STU01096,18,Male,AIML,2nd Year,2.9,8.2,5.6,Low,3,3,4,6,6,1.6,Average,94.5,8.21,Good,Low
STU01097,24,Male,ECE,1st Year,4.0,5.8,5.2,Medium,6,4,5,4,5,0.3,Average,100.0,8.54,Poor,Medium
STU01098,24,Male,ECE,3rd Year,3.9,5.8,6.6,High,10,6,7,1,4,0.7,Poor,66.1,7.26,Average,Medium
STU01099,18,Male,ECE,3rd Year,5.9,8.0,4.7,Low,5,5,3,7,9,1.8,Good,99.4,8.31,Average,Low
STU01100,21,Male,CIVIL,1st Year,6.4,7.8,5.8,Medium,6,3,7,4,7,2.0,Average,87.3,9.05,Good,High
STU01101,21,Female,AIML,3rd Year,5.2,6.3,5.3,Medium,4,5,5,5,8,0.9,Average,88.5,8.05,Average,Low
STU01102,21,Male,ECE,1st Year,7.0,5.7,3.4,High,8,5,5,7,5,1.5,Poor,82.2,8.01,Poor,Medium
STU01103,25,Female,Cyber,4th Year,2.3,7.3,5.6,Low,3,4,6,5,7,1.8,Average,96.0,8.33,Good,Low
STU01104,19,Female,AIML,4th Year,5.2,5.6,5.8,High,5,4,7,7,6,2.0,Average,84.3,8.3,Good,High
STU01105,20,Female,CIVIL,2nd Year,7.6,7.6,7.3,High,8,7,6,7,4,1.1,Poor,74.1,8.18,Good,High
STU01106,19,Female,CSE,4th Year,7.2,5.9,5.3,High,9,10,9,4,1,1.1,Poor,76.8,8.28,Poor,High
STU01107,19,Female,ECE,4th Year,7.6,6.2,4.1,Medium,6,6,5,5,6,1.7,Poor,91.6,7.47,Average,Low
STU01108,25,Female,AIDS,1st Year,3.9,5.9,5.7,Medium,6,5,6,4,6,2.0,Good,82.2,8.06,Good,Medium
STU01109,25,Male,CIVIL,2nd Year,7.0,5.4,5.3,High,10,7,10,5,5,0.5,Poor,58.5,7.3,Good,High
STU01110,18,Male,Cyber,3rd Year,4.1,5.7,2.0,Medium,5,8,3,5,5,0.0,Poor,83.6,7.88,Good,Medium
STU01111,23,Male,AIML,1st Year,5.7,8.0,4.3,Low,3,1,4,7,7,1.8,Good,88.7,8.81,Average,Low
STU01112,19,Male,AIDS,2nd Year,7.4,5.9,6.6,Medium,8,7,6,8,8,1.3,Average,80.5,8.67,Average,Low
STU01113,19,Male,AIDS,1st Year,3.8,6.6,6.0,High,7,7,10,7,5,0.5,Poor,73.2,7.15,Good,High
STU01114,20,Female,Cyber,4th Year,1.7,7.1,6.2,Medium,8,5,7,3,6,0.5,Poor,91.0,8.67,Good,Low
STU01115,19,Male,AIDS,2nd Year,8.3,7.7,5.6,Medium,5,5,5,2,7,1.2,Average,63.5,7.14,Poor,Low
STU01116,21,Female,AIML,3rd Year,5.5,7.8,3.9,Low,3,1,3,3,9,1.9,Good,89.3,8.75,Good,Medium
STU01117,25,Male,ECE,2nd Year,4.8,7.8,5.3,Medium,4,5,5,7,9,1.6,Average,83.1,7.45,Average,Medium
STU01118,22,Male,AIDS,1st Year,5.0,7.4,8.1,High,5,7,6,6,4,0.0,Average,93.2,7.33,Average,High
STU01119,23,Male,AIML,4th Year,1.0,7.7,2.8,Low,2,6,2,9,7,1.0,Average,87.4,8.15,Average,Medium
STU01120,21,Male,Cyber,1st Year,5.3,7.2,6.0,Medium,8,6,5,7,8,2.2,Poor,86.7,7.83,Good,Medium
STU01121,18,Male,CIVIL,1st Year,3.9,6.5,3.3,Medium,3,5,2,8,6,1.5,Average,84.7,6.43,Average,Low
STU01122,18,Male,AIDS,2nd Year,4.9,6.3,3.5,Medium,6,4,4,7,7,1.7,Average,85.9,8.49,Average,Medium
STU01123,20,Male,CIVIL,3rd Year,5.1,7.8,7.0,Medium,5,8,3,6,6,0.7,Average,95.0,8.41,Good,Low
STU01124,19,Male,AIML,2nd Year,1.0,7.1,4.0,High,7,4,6,10,4,1.3,Average,71.1,7.4,Average,High
STU01125,24,Male,CIVIL,1st Year,6.0,7.2,5.3,High,7,5,7,4,5,1.1,Average,74.7,7.64,Good,Low
STU01126,24,Male,CSE,2nd Year,5.1,6.8,7.4,Low,6,1,3,1,8,1.5,Average,92.4,8.1,Average,Low
STU01127,24,Male,Cyber,1st Year,5.2,9.0,5.1,Low,3,3,1,2,8,1.3,Good,91.5,7.54,Average,Medium
STU01128,23,Male,Cyber,1st Year,4.7,6.4,4.5,High,7,6,6,9,7,0.9,Poor,78.6,6.8,Good,High
STU01129,22,Male,AIDS,3rd Year,5.0,6.4,4.0,Medium,6,3,3,7,6,2.8,Poor,83.7,8.52,Good,Medium
STU01130,23,Male,CIVIL,1st Year,5.8,5.3,6.6,High,9,10,10,6,2,0.7,Poor,81.0,8.02,Average,High
STU01131,21,Male,AIDS,2nd Year,6.0,7.2,8.6,High,10,7,10,7,6,1.3,Poor,77.4,7.72,Good,Medium
STU01132,23,Female,ECE,3rd Year,6.4,4.7,5.7,High,10,8,9,9,1,0.7,Poor,67.3,7.49,Good,High
STU01133,24,Female,Cyber,3rd Year,5.3,6.6,3.0,Medium,5,3,4,3,8,1.7,Poor,88.1,8.69,Good,Medium
STU01134,24,Female,Cyber,1st Year,8.5,9.0,6.6,High,7,8,7,6,8,1.0,Poor,79.0,8.3,Good,Medium
STU01135,22,Male,Cyber,2nd Year,3.9,7.2,3.8,Medium,7,5,7,6,5,1.9,Poor,81.8,7.19,Average,Medium
STU01136,18,Male,CSE,1st Year,4.5,5.7,4.7,High,7,6,10,6,7,1.4,Poor,76.0,7.75,Average,Medium
STU01137,23,Male,Cyber,4th Year,8.0,6.0,4.8,Low,4,5,5,4,8,1.2,Poor,73.9,7.93,Average,Medium
STU01138,20,Female,AIDS,1st Year,5.0,4.6,6.3,High,7,8,8,6,4,0.8,Poor,81.6,7.4,Poor,High
STU01139,23,Female,ECE,1st Year,6.7,6.9,3.4,Low,6,6,5,4,6,2.1,Good,86.4,8.68,Good,Low
STU01140,22,Female,AIDS,2nd Year,5.3,7.4,5.8,Medium,5,6,4,1,3,0.0,Poor,92.7,8.87,Average,High
STU01141,25,Female,AIML,1st Year,4.2,9.0,4.5,Low,4,1,3,8,8,2.2,Average,78.4,6.98,Average,Low
STU01142,20,Male,Cyber,1st Year,6.9,4.7,4.9,High,8,8,6,8,6,1.6,Poor,78.5,7.66,Average,Medium
STU01143,25,Female,CSE,1st Year,5.9,5.8,7.1,Low,4,4,4,6,7,1.2,Average,81.3,7.86,Average,Medium
STU01144,24,Female,AIML,3rd Year,2.4,6.4,6.1,Low,5,5,6,6,9,1.4,Poor,76.7,8.25,Average,Low
STU01145,20,Male,Cyber,3rd Year,5.4,9.0,4.1,Medium,6,7,5,5,6,1.7,Average,68.6,6.94,Good,Low
STU01146,21,Female,AIML,3rd Year,3.3,7.5,7.5,Low,5,4,3,8,7,0.8,Poor,72.7,6.05,Average,Medium
STU01147,22,Male,CSE,3rd Year,7.3,7.2,4.5,Low,5,5,5,9,8,2.0,Average,84.4,8.52,Average,Low
STU01148,24,Female,ECE,2nd Year,8.4,5.3,6.1,High,10,5,8,9,6,1.4,Poor,74.5,8.32,Average,High
STU01149,23,Female,Cyber,4th Year,8.3,5.0,4.4,High,4,8,5,10,6,1.5,Poor,76.3,7.1,Good,High
STU01150,24,Male,AIML,3rd Year,5.3,7.6,4.7,Low,6,6,4,3,8,2.1,Average,100.0,8.45,Poor,Low
STU01151,20,Female,AIML,4th Year,4.3,6.4,5.1,High,8,6,8,7,5,1.7,Poor,98.4,8.73,Average,High
STU01152,22,Male,Cyber,3rd Year,5.4,7.0,3.9,Medium,6,4,4,7,8,3.0,Average,85.2,7.61,Average,Medium
STU01153,21,Female,Cyber,2nd Year,3.0,7.2,3.8,Low,4,3,5,3,8,2.3,Average,75.9,8.19,Average,Low
STU01154,25,Female,Cyber,2nd Year,9.0,6.7,3.6,Low,4,2,3,4,9,2.3,Poor,89.8,8.76,Good,Low
STU01155,20,Female,ECE,2nd Year,7.2,5.8,6.8,Low,8,6,6,3,4,1.5,Poor,64.0,6.99,Good,Low
STU01156,22,Female,CSE,1st Year,5.5,8.1,3.5,Low,4,4,5,5,7,2.6,Poor,71.6,7.56,Good,Low
STU01157,18,Male,CIVIL,2nd Year,6.3,7.2,3.2,Low,1,1,3,1,10,1.4,Good,94.9,7.78,Good,Medium
STU01158,24,Male,CSE,1st Year,4.0,6.8,5.0,Low,4,4,5,2,6,0.7,Average,72.7,7.79,Average,Low
STU01159,21,Male,Cyber,1st Year,3.3,6.1,6.1,High,6,6,7,8,7,1.2,Poor,74.4,7.0,Average,High
STU01160,20,Male,CSE,4th Year,1.0,7.7,6.1,Low,4,4,5,6,7,2.0,Poor,72.2,7.86,Average,Low
STU01161,22,Male,Cyber,3rd Year,5.1,6.1,3.1,Medium,8,5,4,7,6,0.1,Average,83.2,8.33,Average,Medium
STU01162,21,Male,AIML,3rd Year,4.9,7.1,6.9,High,8,6,9,10,5,1.1,Poor,86.3,8.43,Average,High
STU01163,24,Male,AIDS,2nd Year,6.1,5.8,4.3,Medium,10,8,8,7,4,1.1,Good,73.5,8.95,Average,High
STU01164,22,Male,AIML,3rd Year,5.3,6.1,5.5,High,10,7,7,4,2,1.6,Poor,77.2,7.72,Average,Medium
STU01165,22,Female,ECE,4th Year,5.2,9.0,2.0,Low,4,2,1,3,10,2.7,Good,87.9,8.59,Average,Low
STU01166,18,Male,AIML,3rd Year,6.9,5.0,6.3,High,10,8,7,6,7,0.0,Poor,68.2,7.19,Good,High
STU01167,18,Female,CSE,3rd Year,2.5,7.1,5.0,Medium,10,6,7,6,6,0.7,Average,72.5,6.99,Good,Medium
STU01168,21,Male,AIML,2nd Year,7.2,6.4,9.5,High,10,10,10,7,3,0.2,Poor,77.2,7.54,Good,High
STU01169,25,Male,Cyber,2nd Year,4.1,7.5,4.8,Medium,5,1,8,4,7,2.2,Good,74.2,7.74,Average,Medium
STU01170,25,Male,Cyber,3rd Year,5.5,7.7,4.2,Low,2,5,2,2,10,2.3,Poor,87.3,8.78,Average,Low
STU01171,23,Male,CIVIL,4th Year,6.8,8.7,3.8,Medium,6,5,5,7,6,1.2,Good,85.2,7.53,Good,High
STU01172,23,Male,ECE,2nd Year,6.8,6.9,5.9,Low,5,7,3,3,7,1.7,Average,90.5,7.92,Good,High
STU01173,21,Male,CIVIL,2nd Year,5.4,6.6,7.9,High,9,5,9,10,3,0.7,Poor,82.6,8.0,Average,Medium
STU01174,19,Male,AIML,2nd Year,5.6,5.9,7.3,High,8,5,7,8,4,2.3,Average,76.6,7.53,Average,Low
STU01175,18,Male,AIDS,2nd Year,6.6,7.0,3.4,Medium,4,5,4,5,7,1.8,Good,77.8,6.93,Poor,Low
STU01176,20,Female,Cyber,4th Year,2.2,7.8,4.4,Low,6,5,5,4,8,2.0,Good,90.5,7.92,Good,High
STU01177,20,Male,ECE,3rd Year,3.4,6.3,5.8,Low,6,6,8,4,7,2.1,Poor,72.7,7.16,Good,Low
STU01178,19,Female,CIVIL,2nd Year,4.4,5.0,4.2,Medium,5,4,6,6,4,2.1,Poor,76.3,8.55,Average,Medium
STU01179,20,Male,ECE,2nd Year,2.5,7.4,8.2,Medium,5,3,5,2,5,1.6,Good,94.3,8.55,Average,Low
STU01180,18,Female,CIVIL,2nd Year,4.8,5.3,5.5,Medium,7,4,8,2,5,1.0,Average,80.2,6.35,Average,Low
STU01181,22,Female,AIDS,1st Year,4.7,6.8,6.3,High,10,7,9,3,3,1.8,Poor,79.5,7.97,Average,Low
STU01182,25,Female,CSE,2nd Year,5.4,6.2,5.4,High,8,5,8,9,6,1.1,Average,81.9,7.85,Good,High
STU01183,23,Female,ECE,4th Year,4.9,7.7,5.3,Medium,7,3,6,6,4,1.1,Average,82.0,7.15,Average,High
STU01184,21,Male,Cyber,3rd Year,6.4,7.1,5.1,Low,2,1,2,2,9,3.0,Poor,80.1,9.05,Poor,Low
STU01185,21,Male,CIVIL,1st Year,6.0,6.4,5.2,Medium,5,5,5,6,6,1.0,Average,84.7,7.33,Average,High
STU01186,20,Male,AIDS,3rd Year,4.7,6.9,4.2,Low,4,6,3,1,8,0.8,Good,85.3,8.78,Good,Low
STU01187,19,Female,CSE,3rd Year,4.4,5.5,3.7,Medium,4,6,5,5,5,2.1,Poor,75.7,7.51,Average,Medium
STU01188,22,Female,CSE,1st Year,4.7,8.2,6.2,Medium,5,6,5,8,4,1.3,Poor,76.3,7.2,Average,Low
STU01189,22,Male,CSE,3rd Year,4.9,5.3,5.0,Medium,7,6,3,5,6,1.7,Average,81.7,9.08,Good,Medium
STU01190,18,Female,Cyber,3rd Year,9.3,8.4,4.0,Low,4,3,1,1,9,2.9,Average,75.8,7.51,Good,Low
STU01191,21,Male,CSE,4th Year,2.1,7.9,2.0,Medium,1,6,4,3,10,1.2,Good,86.6,7.74,Good,Medium
STU01192,20,Female,AIDS,1st Year,3.6,5.9,6.1,High,7,5,10,10,4,1.0,Poor,74.4,7.1,Good,High
STU01193,19,Female,Cyber,1st Year,2.8,7.6,3.8,Low,3,2,2,5,9,2.7,Good,85.4,7.86,Poor,Low
STU01194,23,Male,AIDS,2nd Year,5.5,7.1,2.8,Medium,8,4,6,3,7,1.9,Average,85.2,8.36,Good,Medium
STU01195,22,Female,AIML,1st Year,5.7,5.9,7.3,High,8,8,7,10,7,1.1,Poor,82.7,7.73,Good,High
STU01196,23,Female,Cyber,2nd Year,4.2,6.6,5.3,High,6,5,7,3,5,2.5,Average,72.2,8.08,Average,High
STU01197,23,Male,CSE,4th Year,6.8,7.0,8.4,High,6,7,8,4,2,1.2,Poor,85.4,8.03,Good,High
STU01198,25,Male,CIVIL,1st Year,5.7,5.8,7.3,Low,5,6,4,2,6,1.6,Poor,78.9,6.92,Average,Medium
STU01199,24,Male,CSE,2nd Year,6.9,6.7,4.9,Medium,6,7,6,2,5,2.2,Poor,92.8,8.22,Average,Low
STU01200,22,Female,CSE,4th Year,7.5,4.0,8.2,Medium,10,8,8,8,5,1.6,Poor,71.1,7.68,Average,High
STU01201,25,Male,CSE,2nd Year,1.3,4.8,7.7,High,8,8,6,4,3,2.1,Poor,67.2,7.12,Poor,Medium
STU01202,21,Female,AIDS,2nd Year,5.8,8.3,2.8,Low,1,1,1,7,9,1.6,Good,96.9,9.76,Good,Medium
STU01203,25,Female,CSE,3rd Year,2.5,6.7,3.4,Low,6,5,5,3,8,2.4,Good,87.8,8.34,Average,Low
STU01204,24,Male,ECE,1st Year,5.6,5.6,3.0,Medium,8,5,6,6,5,1.3,Average,88.5,8.34,Average,Low
STU01205,23,Male,AIDS,1st Year,4.7,7.1,5.1,Low,3,2,4,3,7,1.3,Average,87.3,8.67,Average,Medium
STU01206,25,Female,AIDS,3rd Year,5.4,5.6,5.4,High,9,10,9,8,6,1.1,Poor,93.4,7.37,Average,High
STU01207,22,Female,CSE,2nd Year,2.8,5.9,5.7,Medium,6,3,5,8,5,1.6,Average,80.8,8.16,Average,Medium
STU01208,23,Male,CSE,2nd Year,6.9,5.3,4.5,High,7,6,7,7,8,2.5,Average,90.0,8.24,Average,High
STU01209,20,Male,Cyber,1st Year,3.0,4.4,5.2,High,6,7,7,6,6,1.3,Poor,72.7,7.11,Good,High
STU01210,25,Male,CSE,4th Year,6.3,7.6,4.3,Low,5,6,3,3,6,1.1,Average,86.8,7.41,Good,Medium
STU01211,22,Female,ECE,1st Year,2.5,6.3,3.7,Medium,7,3,5,3,6,0.9,Poor,86.6,7.8,Average,Medium
STU01212,24,Male,AIML,3rd Year,5.2,7.2,5.3,High,10,8,8,10,5,1.2,Poor,84.6,8.03,Good,High
STU01213,21,Female,Cyber,2nd Year,7.9,7.2,2.9,Low,2,2,1,8,9,1.3,Average,94.8,8.61,Good,Medium
STU01214,24,Male,CSE,3rd Year,9.2,7.3,4.9,Low,4,3,3,5,6,1.2,Average,57.4,7.86,Good,Medium
STU01215,18,Female,ECE,1st Year,2.3,6.2,6.1,Medium,8,6,8,7,4,1.1,Poor,77.7,7.52,Average,Medium
STU01216,18,Male,CSE,1st Year,3.7,6.8,3.9,Medium,6,6,5,4,6,1.2,Poor,77.1,7.63,Poor,Medium
STU01217,22,Male,ECE,3rd Year,4.4,6.1,8.0,High,9,8,7,6,3,1.4,Poor,72.4,8.24,Good,Medium
STU01218,23,Female,CSE,3rd Year,8.7,7.3,3.6,Low,3,2,3,4,8,1.6,Good,86.8,8.74,Average,Medium
STU01219,24,Female,CIVIL,1st Year,4.5,6.6,5.6,Low,1,1,1,5,6,0.7,Good,97.4,8.25,Average,Low
STU01220,21,Male,ECE,2nd Year,7.1,7.1,6.2,High,8,5,9,5,5,0.3,Poor,80.2,6.8,Good,Medium
STU01221,23,Male,CSE,2nd Year,5.8,7.8,6.1,High,7,7,7,6,4,1.2,Poor,74.0,7.53,Average,High
STU01222,22,Male,CSE,1st Year,2.8,8.4,4.4,Medium,5,3,5,5,4,1.2,Average,71.1,7.44,Good,Medium
STU01223,25,Male,AIML,3rd Year,1.8,6.1,6.4,High,9,6,6,5,5,0.7,Poor,92.5,7.42,Average,High
STU01224,23,Male,CSE,1st Year,4.1,5.7,5.9,Medium,5,9,3,7,4,2.3,Poor,73.5,8.1,Good,Medium
STU01225,21,Female,CSE,2nd Year,9.0,6.7,5.6,Low,4,4,2,5,9,2.2,Average,84.6,8.42,Average,Low
STU01226,25,Male,AIDS,1st Year,5.3,7.0,6.6,Medium,3,4,4,8,7,1.7,Poor,100.0,7.39,Poor,Low
STU01227,18,Female,ECE,2nd Year,6.9,6.6,4.4,High,7,4,6,7,7,1.6,Poor,76.2,8.24,Good,Medium
STU01228,25,Male,CSE,2nd Year,2.7,5.4,6.8,High,9,5,5,6,7,1.0,Poor,75.7,6.62,Poor,High
STU01229,19,Male,Cyber,2nd Year,4.1,6.1,4.9,Low,3,4,3,2,7,1.2,Good,89.1,8.65,Good,Low
STU01230,20,Female,AIML,2nd Year,6.4,7.0,5.6,Low,5,4,3,6,6,2.1,Poor,70.0,7.66,Good,Low
STU01231,24,Male,CIVIL,4th Year,3.0,4.0,4.4,High,7,6,5,6,9,2.1,Poor,69.3,7.81,Average,Medium
STU01232,23,Female,CSE,2nd Year,5.0,6.5,5.0,Medium,7,6,6,6,6,0.3,Poor,76.3,7.73,Average,High
STU01233,25,Male,AIDS,4th Year,3.4,6.0,4.4,High,7,10,7,4,7,1.6,Poor,78.5,7.73,Good,Medium
STU01234,23,Female,AIDS,1st Year,6.4,7.8,3.9,Medium,6,3,6,6,6,1.9,Average,85.5,8.29,Good,High
STU01235,23,Female,CSE,2nd Year,6.0,7.1,5.2,High,5,7,9,8,5,0.9,Poor,68.6,7.53,Good,Medium
STU01236,20,Female,CSE,1st Year,6.1,8.1,4.6,Low,5,3,6,3,7,2.8,Average,87.9,9.21,Poor,Low
STU01237,18,Male,AIML,2nd Year,6.5,6.6,4.0,Medium,4,6,4,10,4,2.7,Good,66.1,8.04,Good,High
STU01238,18,Male,AIDS,3rd Year,4.2,6.7,4.3,Low,2,3,6,6,8,1.8,Good,88.6,8.53,Average,Low
STU01239,20,Male,Cyber,4th Year,6.6,6.5,4.6,Medium,6,2,2,4,6,1.6,Poor,88.1,7.87,Good,Medium
STU01240,18,Male,ECE,3rd Year,4.1,6.8,5.9,High,6,5,6,6,6,1.1,Poor,82.3,7.94,Average,Medium
STU01241,22,Male,AIDS,3rd Year,6.2,5.1,5.1,High,9,8,7,9,4,1.1,Poor,79.3,7.3,Poor,High
STU01242,24,Male,AIDS,1st Year,1.6,7.7,5.8,Medium,5,7,8,5,6,0.8,Average,74.0,8.13,Good,High
STU01243,25,Male,Cyber,1st Year,3.8,6.2,5.4,Medium,5,4,7,3,5,1.6,Poor,78.0,6.85,Good,Medium
STU01244,21,Male,Cyber,4th Year,9.7,6.1,8.1,High,10,8,10,8,1,1.8,Poor,82.5,7.11,Average,High
STU01245,25,Male,ECE,1st Year,5.9,5.6,4.0,Medium,3,6,1,5,7,2.6,Poor,80.6,7.26,Good,High
STU01246,25,Male,AIML,1st Year,5.7,6.9,4.2,Low,3,2,4,1,10,2.5,Average,97.1,8.79,Poor,Low
STU01247,24,Male,AIDS,4th Year,3.3,5.7,2.6,Low,3,3,3,1,10,0.5,Average,95.8,8.03,Poor,Low
STU01248,21,Female,CSE,4th Year,2.9,8.1,5.5,Medium,5,5,6,7,6,0.7,Poor,71.3,8.28,Poor,High
STU01249,20,Male,CSE,3rd Year,4.3,7.2,3.6,Low,3,1,1,3,6,2.4,Average,85.4,7.66,Average,Medium
STU01250,25,Male,AIDS,2nd Year,4.9,7.3,4.1,Medium,6,4,6,5,9,2.4,Average,73.8,8.1,Poor,Medium
STU01251,19,Male,AIML,4th Year,8.8,6.2,4.8,High,9,7,7,4,4,1.4,Poor,64.3,7.9,Average,High
STU01252,21,Female,CSE,1st Year,7.2,6.4,5.0,High,10,9,10,5,4,0.8,Poor,81.4,7.71,Poor,High
STU01253,18,Male,CSE,2nd Year,5.3,6.2,5.0,Medium,7,7,7,6,4,2.1,Poor,83.5,7.83,Good,Medium
STU01254,24,Female,Cyber,2nd Year,5.7,5.4,9.1,High,10,10,10,7,3,1.2,Poor,74.5,7.36,Good,High
STU01255,23,Female,AIDS,4th Year,6.3,6.9,4.0,Low,4,4,3,4,9,2.3,Average,74.9,7.51,Good,Medium
STU01256,18,Male,CSE,4th Year,2.2,8.1,2.0,Low,4,4,2,3,9,1.1,Average,91.0,7.74,Average,Medium
STU01257,19,Female,CSE,3rd Year,1.8,6.6,6.6,High,9,7,8,6,6,1.3,Poor,66.8,7.61,Good,High
STU01258,22,Female,Cyber,1st Year,5.9,9.0,2.1,Low,1,2,2,1,9,3.0,Good,90.9,8.37,Average,Low
STU01259,22,Male,CIVIL,2nd Year,4.9,8.7,5.6,Low,2,5,5,2,6,2.1,Good,80.1,8.36,Good,Low
STU01260,24,Male,AIML,1st Year,2.8,4.9,5.1,High,6,8,7,5,4,1.8,Poor,88.1,8.58,Average,Medium
STU01261,20,Female,CIVIL,4th Year,1.2,6.7,4.8,Medium,6,5,3,5,5,1.6,Poor,79.6,7.48,Average,Low
STU01262,25,Female,CIVIL,1st Year,6.6,6.5,6.6,Low,5,4,5,4,7,1.6,Poor,84.7,7.75,Poor,Medium
STU01263,21,Male,AIML,1st Year,3.8,8.6,4.9,Low,5,5,7,4,10,2.7,Good,89.2,8.08,Good,Low
STU01264,24,Male,AIDS,3rd Year,5.7,6.5,3.6,Medium,6,7,8,5,6,1.1,Poor,81.4,7.97,Good,Medium
STU01265,19,Female,ECE,2nd Year,4.8,6.7,4.7,High,9,6,4,7,4,0.7,Average,78.3,7.93,Good,High
STU01266,18,Male,Cyber,4th Year,4.9,4.7,2.9,High,7,3,6,6,5,1.2,Poor,84.3,7.92,Good,High
STU01267,18,Female,Cyber,1st Year,3.7,5.9,7.8,Low,4,5,5,5,8,1.8,Average,78.6,9.2,Good,Medium
STU01268,20,Male,AIDS,4th Year,4.6,9.0,3.0,Low,5,1,3,4,6,1.1,Good,90.8,8.57,Average,High
STU01269,25,Female,AIDS,1st Year,5.8,7.3,6.0,Medium,2,1,3,4,6,2.2,Average,92.6,8.72,Good,Low
STU01270,18,Female,AIDS,1st Year,4.6,5.7,4.9,High,7,5,6,6,7,1.3,Poor,83.4,7.78,Average,High
STU01271,20,Female,CIVIL,2nd Year,4.5,6.8,4.1,Medium,7,5,7,4,5,1.8,Average,77.6,8.31,Average,Medium
STU01272,18,Female,Cyber,1st Year,5.9,6.3,4.5,Medium,5,2,2,6,7,0.6,Good,87.0,8.13,Poor,Low
STU01273,25,Female,AIDS,3rd Year,5.7,7.8,2.8,Low,1,1,2,6,9,2.7,Average,89.0,8.29,Good,Low
STU01274,23,Female,AIDS,1st Year,3.1,5.3,6.6,High,6,6,6,4,7,2.1,Poor,79.2,8.18,Good,High
STU01275,24,Female,CSE,1st Year,4.7,6.6,5.5,Low,4,2,2,3,8,2.1,Average,76.5,8.07,Average,Low
STU01276,23,Male,CSE,3rd Year,4.2,6.0,5.1,High,9,9,9,9,4,1.3,Poor,89.9,7.9,Average,High
STU01277,23,Female,AIML,1st Year,4.8,8.2,2.6,Low,6,4,2,6,6,2.2,Good,100.0,8.84,Average,Low
STU01278,24,Male,AIDS,3rd Year,7.3,7.8,2.8,Low,5,5,3,3,7,2.5,Average,80.8,8.38,Good,Low
STU01279,18,Female,AIML,3rd Year,5.7,7.3,2.4,Low,6,3,5,3,6,1.7,Average,87.6,7.89,Good,Medium
STU01280,24,Female,ECE,1st Year,9.5,5.5,7.0,High,10,7,10,3,2,1.0,Poor,83.1,7.2,Average,Medium
STU01281,23,Male,CSE,3rd Year,5.6,7.1,5.9,Medium,7,7,6,10,5,2.1,Poor,71.0,8.21,Average,Medium
STU01282,23,Male,AIML,1st Year,4.7,5.9,3.8,Medium,6,8,3,8,6,1.9,Poor,64.1,7.5,Average,Medium
STU01283,21,Male,ECE,2nd Year,5.1,5.9,3.9,High,7,4,5,6,6,0.9,Poor,92.5,7.9,Average,High
STU01284,24,Female,CSE,1st Year,4.8,8.1,3.6,Low,2,2,2,6,8,2.8,Average,89.8,8.64,Average,Low
STU01285,21,Male,CIVIL,4th Year,5.3,7.2,3.4,Low,4,1,4,2,10,1.8,Average,82.9,8.41,Poor,Low
STU01286,18,Male,CSE,3rd Year,2.6,8.2,2.7,Low,2,1,3,2,9,2.4,Good,93.7,9.18,Poor,Low
STU01287,25,Female,CIVIL,2nd Year,5.0,5.7,6.3,Low,10,8,10,5,4,1.0,Poor,71.3,7.29,Average,Low
STU01288,19,Female,CSE,4th Year,4.1,7.1,6.9,High,10,7,9,2,1,1.5,Average,98.8,8.37,Good,High
STU01289,18,Male,CIVIL,2nd Year,7.0,7.8,4.8,Medium,9,4,5,1,5,2.3,Average,76.0,7.71,Average,High
STU01290,22,Male,ECE,4th Year,1.6,6.2,4.7,Medium,7,3,8,2,4,1.5,Poor,84.0,7.94,Average,Medium
STU01291,19,Female,CSE,3rd Year,4.9,6.1,2.0,Low,2,1,2,5,7,3.0,Average,99.3,8.42,Good,Low
STU01292,24,Female,CSE,4th Year,2.2,6.3,4.9,Low,6,5,4,5,10,1.7,Average,93.3,9.11,Good,Low
STU01293,21,Female,CSE,4th Year,6.2,5.0,6.9,High,10,9,9,10,4,1.6,Poor,82.7,7.29,Average,High
STU01294,18,Male,ECE,4th Year,4.3,7.5,5.1,Medium,7,6,4,6,8,1.6,Poor,78.0,7.67,Poor,Low
STU01295,25,Male,AIDS,1st Year,1.6,7.9,7.2,Low,7,3,4,6,8,1.4,Poor,83.3,7.98,Good,Medium
STU01296,22,Male,AIML,4th Year,6.3,6.8,3.8,High,1,3,1,2,10,3.0,Average,72.5,8.24,Average,High
STU01297,20,Female,Cyber,4th Year,1.0,5.4,6.2,High,10,8,10,8,4,0.7,Poor,75.2,7.44,Good,High
STU01298,23,Male,ECE,3rd Year,4.9,5.5,5.8,Medium,8,5,5,5,9,1.2,Poor,82.6,8.62,Average,Medium
STU01299,22,Male,Cyber,2nd Year,5.8,7.9,6.4,Low,3,2,1,7,10,1.4,Average,95.8,8.67,Poor,Low
STU01300,18,Female,ECE,4th Year,7.2,7.3,4.7,Low,5,2,1,7,8,2.5,Good,100.0,8.57,Average,Low
STU01301,24,Female,Cyber,1st Year,1.8,8.2,2.0,Low,3,3,3,8,9,2.8,Good,93.4,8.11,Good,Low
STU01302,21,Female,ECE,2nd Year,4.0,7.3,5.6,Low,5,7,5,1,6,1.8,Average,91.2,7.72,Average,Medium
STU01303,23,Male,CIVIL,2nd Year,7.0,7.2,4.2,Medium,7,7,5,6,6,0.9,Poor,80.9,8.0,Average,High
STU01304,25,Male,AIML,1st Year,6.9,5.7,2.2,Medium,6,4,4,5,7,1.7,Average,94.5,8.29,Average,Medium
STU01305,22,Male,CSE,3rd Year,7.5,5.8,8.1,High,9,7,8,7,6,1.1,Poor,78.6,8.44,Good,High
STU01306,23,Male,CSE,1st Year,9.6,7.6,7.2,Medium,7,3,8,1,9,0.9,Average,90.8,7.69,Poor,High
STU01307,20,Male,Cyber,3rd Year,4.3,5.7,5.0,High,9,8,7,3,3,0.9,Poor,83.7,8.4,Good,High
STU01308,19,Male,AIML,4th Year,5.6,5.5,3.7,Medium,7,3,5,9,8,1.9,Average,86.7,8.02,Good,Medium
STU01309,21,Female,CIVIL,2nd Year,5.1,5.9,8.1,High,10,10,10,7,1,0.1,Poor,56.0,6.89,Average,High
STU01310,24,Female,ECE,3rd Year,1.3,6.6,3.5,Low,5,8,3,3,9,1.9,Good,93.3,7.42,Good,Low
STU01311,22,Female,Cyber,1st Year,4.6,8.3,4.2,Low,6,3,3,2,7,0.8,Good,89.1,8.53,Good,Low
STU01312,20,Male,AIDS,4th Year,1.2,7.3,3.3,Low,4,7,3,6,8,2.8,Average,92.2,7.59,Average,Low
STU01313,24,Male,AIML,4th Year,4.0,6.7,4.5,Medium,7,5,3,4,6,1.4,Poor,85.5,8.17,Poor,Medium
STU01314,24,Male,AIDS,1st Year,1.9,9.0,2.0,Low,1,1,2,3,6,2.6,Good,93.6,8.51,Average,Low
STU01315,25,Male,CSE,3rd Year,5.9,5.5,6.5,Medium,6,4,6,4,8,1.5,Poor,91.1,7.79,Average,High
STU01316,20,Male,ECE,2nd Year,3.1,9.0,5.1,Low,1,5,2,2,8,2.4,Average,86.8,7.27,Average,Low
STU01317,23,Male,CIVIL,3rd Year,1.8,6.1,5.2,High,8,6,4,9,6,0.8,Poor,85.0,8.93,Good,High
STU01318,22,Female,AIDS,3rd Year,6.2,7.7,3.9,Low,5,2,3,4,7,1.6,Average,81.9,7.78,Good,Low
STU01319,21,Male,AIDS,2nd Year,3.8,7.2,5.7,Medium,5,4,7,7,5,1.2,Good,88.3,8.18,Average,High
STU01320,21,Female,AIML,3rd Year,4.4,6.1,5.7,High,9,7,10,6,5,1.3,Poor,81.3,7.31,Average,High
STU01321,18,Male,AIDS,1st Year,3.8,4.8,9.5,High,10,9,10,10,2,1.4,Poor,66.6,7.64,Poor,High
STU01322,20,Male,Cyber,2nd Year,6.8,7.1,2.5,Low,3,3,1,6,6,2.1,Average,87.6,8.16,Average,Medium
STU01323,22,Male,ECE,4th Year,5.4,6.0,6.2,High,6,7,6,8,6,1.1,Average,78.1,7.53,Poor,High
STU01324,25,Male,CSE,1st Year,3.7,9.0,4.4,Low,5,2,3,4,5,1.8,Good,82.2,8.39,Good,Medium
STU01325,24,Male,CSE,3rd Year,1.3,6.8,3.0,Low,3,4,4,2,8,1.8,Good,88.8,7.35,Good,Low
STU01326,19,Female,Cyber,1st Year,9.3,8.2,7.5,Medium,4,3,3,6,7,1.6,Good,87.4,8.16,Average,Medium
STU01327,23,Male,CSE,4th Year,8.8,7.3,9.0,High,10,6,5,5,1,1.2,Poor,62.9,8.07,Good,High
STU01328,18,Male,AIDS,3rd Year,7.5,7.4,4.5,Medium,4,5,4,4,6,2.1,Good,87.2,9.06,Average,Medium
STU01329,23,Female,AIDS,2nd Year,4.3,5.4,7.8,High,10,7,10,7,3,0.3,Poor,69.5,6.6,Good,High
STU01330,20,Male,CIVIL,1st Year,4.2,6.7,5.0,Medium,7,2,7,5,4,1.2,Poor,76.8,7.38,Average,High
STU01331,21,Female,CSE,2nd Year,5.5,7.9,3.9,Low,3,3,4,1,9,2.4,Good,77.5,8.38,Average,Low
STU01332,23,Male,CIVIL,4th Year,3.3,7.1,3.4,High,6,4,5,8,7,1.9,Average,83.3,6.85,Good,High
STU01333,21,Female,CSE,2nd Year,3.0,5.8,2.8,Medium,7,2,4,6,6,2.5,Average,81.4,8.79,Poor,High
STU01334,24,Male,Cyber,2nd Year,7.8,4.7,8.3,High,8,4,8,3,5,2.0,Poor,88.6,7.35,Average,High
STU01335,22,Male,AIDS,3rd Year,4.5,9.0,3.7,Low,3,5,2,3,10,1.3,Good,75.4,8.05,Average,Low
STU01336,25,Female,CSE,2nd Year,2.6,5.2,4.1,Low,5,3,3,4,7,2.1,Average,80.3,8.3,Good,Medium
STU01337,23,Female,CSE,2nd Year,6.6,7.3,3.6,Medium,4,4,7,3,7,1.4,Average,76.4,8.14,Good,Medium
STU01338,20,Male,CSE,2nd Year,4.1,6.2,6.1,Medium,6,9,7,9,7,0.6,Poor,81.0,7.14,Poor,Low
STU01339,24,Female,Cyber,1st Year,1.7,6.3,4.4,High,10,8,8,9,3,0.6,Poor,85.8,8.39,Average,High
STU01340,21,Male,AIDS,3rd Year,3.3,5.0,5.4,High,9,10,9,4,5,0.9,Poor,79.8,6.01,Good,High
STU01341,22,Male,CSE,4th Year,4.2,6.8,4.1,High,8,4,6,5,4,1.2,Poor,70.9,7.0,Poor,High
STU01342,19,Male,CSE,4th Year,5.4,7.0,6.8,Low,5,3,5,4,6,1.2,Average,78.9,7.58,Average,Low
STU01343,18,Female,ECE,4th Year,5.5,8.8,3.8,Medium,8,7,8,3,6,1.2,Poor,72.0,7.1,Good,High
STU01344,22,Male,AIML,2nd Year,6.9,7.5,2.6,Low,2,3,2,5,4,3.0,Poor,91.2,9.1,Average,Low
STU01345,19,Female,AIDS,2nd Year,4.1,9.0,2.0,Low,2,3,1,3,8,1.2,Good,86.7,7.53,Good,Medium
STU01346,25,Male,CIVIL,3rd Year,4.3,5.2,4.4,Medium,6,3,5,5,6,2.0,Poor,68.7,8.49,Average,Medium
STU01347,24,Female,AIDS,4th Year,7.0,8.3,3.7,Low,2,4,3,3,8,1.8,Good,91.2,8.24,Good,Low
STU01348,23,Female,AIDS,3rd Year,6.7,7.0,6.4,High,6,6,6,8,6,1.3,Average,92.4,7.38,Poor,High
STU01349,23,Male,Cyber,2nd Year,4.6,7.0,5.0,Medium,3,6,5,5,4,0.3,Average,80.0,6.69,Poor,Low
STU01350,22,Male,AIDS,3rd Year,5.6,6.9,4.9,Low,4,4,3,5,7,1.8,Average,81.8,7.76,Poor,Medium
STU01351,18,Male,CSE,3rd Year,4.4,7.8,6.4,High,9,7,8,8,4,0.4,Poor,65.7,7.08,Good,High
STU01352,21,Female,CSE,4th Year,3.1,6.6,5.4,High,8,5,7,8,6,1.7,Poor,61.8,7.52,Good,High
STU01353,21,Male,ECE,3rd Year,9.0,6.0,8.5,Medium,4,4,5,1,6,2.4,Average,66.3,7.66,Good,Medium
STU01354,25,Female,CSE,2nd Year,3.9,6.5,4.0,High,6,3,6,4,6,0.9,Poor,83.6,8.53,Average,High
STU01355,19,Male,CIVIL,2nd Year,5.6,7.5,5.8,Low,5,4,4,8,8,2.1,Poor,79.1,7.81,Average,Medium
STU01356,21,Female,ECE,2nd Year,2.1,7.5,5.7,Low,5,3,6,1,6,1.7,Poor,89.1,7.78,Good,Low
STU01357,20,Male,CIVIL,2nd Year,6.3,5.5,4.2,Low,5,4,5,3,8,0.4,Good,81.3,8.57,Good,Low
STU01358,19,Male,AIML,4th Year,3.5,5.8,7.8,High,10,8,8,5,4,0.0,Poor,78.1,7.2,Poor,High
STU01359,18,Female,Cyber,2nd Year,8.1,5.7,4.7,Low,6,3,6,1,7,1.5,Poor,88.2,8.51,Good,Medium
STU01360,20,Male,AIDS,2nd Year,8.3,6.9,6.0,High,10,9,6,2,5,1.6,Poor,77.4,8.54,Poor,High
STU01361,18,Female,AIML,2nd Year,5.8,6.5,4.7,Low,3,3,3,4,10,0.9,Average,77.1,7.95,Poor,Medium
STU01362,18,Male,Cyber,3rd Year,5.5,6.0,5.9,High,8,7,7,1,5,1.2,Poor,62.1,7.48,Good,High
STU01363,20,Male,ECE,2nd Year,4.9,5.9,4.4,Medium,8,4,7,6,5,1.7,Poor,90.0,8.25,Average,High
STU01364,19,Female,CIVIL,1st Year,5.1,7.7,8.3,High,6,8,7,4,5,1.8,Poor,71.0,6.25,Average,High
STU01365,22,Female,AIDS,4th Year,5.8,7.0,6.2,High,4,5,3,7,4,1.2,Average,69.1,7.71,Average,High
STU01366,18,Female,CSE,2nd Year,5.4,7.4,4.1,High,8,6,10,8,6,1.4,Poor,78.4,7.49,Good,High
STU01367,20,Male,Cyber,2nd Year,7.1,8.7,5.8,High,9,6,8,5,3,1.6,Average,64.4,7.7,Poor,High
STU01368,21,Male,ECE,1st Year,3.4,6.7,3.4,Medium,6,6,5,4,7,1.9,Poor,81.8,7.32,Good,High
STU01369,25,Male,CSE,3rd Year,7.7,8.2,6.1,Medium,6,1,4,9,8,2.0,Poor,79.8,8.67,Average,Medium
STU01370,23,Male,Cyber,3rd Year,4.5,5.7,6.0,High,9,5,9,7,6,1.2,Poor,85.4,7.27,Poor,High
STU01371,25,Male,AIML,4th Year,3.4,8.4,4.4,Low,3,3,2,4,7,1.8,Good,92.8,7.95,Average,Low
STU01372,20,Male,CSE,1st Year,5.5,6.5,3.5,Medium,4,3,4,7,7,1.9,Poor,94.1,7.9,Average,Low
STU01373,21,Male,Cyber,4th Year,5.8,6.8,4.7,High,4,8,5,6,2,1.1,Average,83.9,8.67,Average,High
STU01374,21,Male,CSE,3rd Year,1.4,8.2,4.7,Low,2,1,1,2,9,2.7,Good,83.0,7.09,Average,Low
STU01375,25,Male,ECE,2nd Year,4.3,7.0,7.3,High,8,8,6,7,6,0.4,Average,70.0,8.52,Good,High
STU01376,25,Male,CSE,1st Year,1.0,6.2,5.4,Low,5,6,3,3,7,1.6,Average,82.1,8.8,Average,High
STU01377,25,Female,AIDS,2nd Year,3.7,6.3,2.8,Medium,3,5,4,5,6,1.6,Poor,100.0,7.86,Good,High
STU01378,24,Female,CSE,4th Year,3.8,7.5,4.8,Medium,5,3,5,5,6,1.8,Poor,81.0,8.47,Good,Low
STU01379,22,Male,CIVIL,2nd Year,5.5,6.4,5.6,Low,4,3,4,7,8,1.8,Average,83.1,8.02,Average,Low
STU01380,22,Female,CSE,2nd Year,3.5,5.7,3.9,Low,5,5,5,3,7,2.4,Average,95.7,8.99,Average,Low
STU01381,25,Female,Cyber,3rd Year,4.0,6.8,3.0,Medium,8,7,7,8,9,1.6,Average,84.3,8.43,Average,High
STU01382,20,Male,AIML,4th Year,7.3,6.7,3.5,Medium,5,5,3,7,5,1.1,Poor,76.3,9.2,Average,High
STU01383,20,Male,AIML,3rd Year,8.6,7.2,6.7,Low,3,5,5,3,7,1.6,Average,89.9,7.44,Poor,Medium
STU01384,25,Male,Cyber,3rd Year,3.1,7.7,3.0,Medium,3,7,2,4,7,1.6,Average,82.1,8.15,Average,Medium
STU01385,21,Male,AIDS,1st Year,7.1,6.6,6.2,Medium,6,8,6,6,8,1.4,Poor,79.4,6.75,Poor,Medium
STU01386,19,Female,CIVIL,4th Year,5.2,7.3,3.1,Low,1,1,1,3,10,1.6,Good,95.6,8.37,Average,Low
STU01387,22,Female,AIML,2nd Year,1.8,6.5,4.8,Medium,6,4,4,5,10,1.5,Poor,79.0,9.02,Good,Low
STU01388,20,Male,CSE,1st Year,3.5,7.9,4.4,Medium,3,6,3,6,6,2.6,Good,85.6,8.27,Average,Low
STU01389,25,Female,AIDS,4th Year,1.0,6.1,6.6,Medium,8,5,8,7,8,1.5,Poor,92.9,8.25,Average,Medium
STU01390,25,Male,ECE,1st Year,5.2,7.2,3.9,Low,3,4,4,5,9,1.4,Good,83.5,8.63,Average,Medium
STU01391,20,Female,CSE,1st Year,2.9,5.7,3.9,Low,3,4,2,1,8,1.5,Average,94.8,8.33,Good,Low
STU01392,22,Female,AIDS,3rd Year,5.2,6.8,5.2,Low,5,5,3,3,5,0.3,Poor,77.7,7.63,Average,Low
STU01393,25,Male,Cyber,2nd Year,9.9,6.5,4.5,High,7,6,9,7,5,1.1,Poor,91.6,7.57,Average,Medium
STU01394,23,Male,ECE,1st Year,8.0,4.8,6.1,Medium,8,6,6,8,4,2.3,Average,73.7,7.59,Good,High
STU01395,19,Female,AIML,3rd Year,3.3,6.5,3.2,Low,3,3,5,2,8,1.3,Average,84.2,6.69,Poor,Low
STU01396,22,Female,Cyber,3rd Year,3.1,5.8,4.0,Medium,5,2,5,9,5,0.9,Average,96.3,8.06,Average,Medium
STU01397,22,Male,CSE,4th Year,7.5,7.0,6.7,High,7,6,8,6,5,0.8,Poor,90.4,8.01,Average,High
STU01398,23,Male,AIDS,1st Year,2.9,5.7,3.6,Low,4,1,1,2,10,2.4,Good,94.0,7.93,Good,Low
STU01399,18,Male,CSE,3rd Year,6.8,6.8,4.7,Medium,6,4,6,3,7,2.5,Poor,73.7,7.88,Good,Low
STU01400,20,Female,AIDS,4th Year,9.9,7.5,6.7,Medium,2,3,4,8,4,1.7,Average,82.7,8.46,Good,High
STU01401,24,Female,AIDS,1st Year,6.1,7.2,3.6,Medium,5,5,6,3,4,0.9,Average,83.7,8.59,Average,Low
STU01402,19,Female,AIDS,1st Year,7.8,4.9,8.3,Low,9,10,10,10,3,0.5,Poor,63.0,6.46,Poor,High
STU01403,20,Female,CSE,1st Year,6.8,7.3,6.1,Medium,5,5,3,7,9,2.6,Good,89.4,7.76,Average,Medium
STU01404,20,Female,AIML,2nd Year,4.1,7.5,7.1,Low,7,4,8,4,4,1.2,Average,73.8,8.08,Good,Low
STU01405,19,Female,Cyber,1st Year,5.3,7.1,7.3,Medium,4,3,7,5,10,1.8,Average,75.1,8.4,Good,Low
STU01406,19,Male,ECE,3rd Year,3.4,4.5,4.8,High,8,4,6,8,5,1.4,Poor,66.7,8.28,Good,Medium
STU01407,20,Female,CIVIL,4th Year,7.5,7.4,4.9,High,9,6,8,7,2,0.3,Poor,91.8,8.62,Average,High
STU01408,24,Male,AIML,1st Year,2.9,7.5,5.7,Medium,3,4,4,2,5,2.3,Poor,80.6,9.29,Good,Medium
STU01409,18,Male,AIDS,3rd Year,6.2,6.8,6.4,Low,5,6,5,6,7,2.0,Poor,78.3,7.8,Good,Low
STU01410,20,Female,CSE,1st Year,6.8,5.5,3.4,Medium,4,4,1,7,8,0.7,Poor,77.8,9.09,Good,Medium
STU01411,18,Female,AIML,1st Year,3.8,7.2,4.8,Low,1,4,3,3,10,1.2,Good,98.1,7.84,Good,Low
STU01412,22,Female,CSE,3rd Year,4.0,5.4,9.7,High,8,7,8,7,3,0.6,Poor,66.3,8.74,Average,High
STU01413,20,Male,AIDS,2nd Year,4.6,6.0,4.8,Medium,7,4,7,3,7,2.1,Poor,74.9,8.23,Good,Medium
STU01414,24,Male,CSE,4th Year,2.8,8.0,4.2,Low,1,2,1,3,10,1.9,Average,90.3,8.87,Average,High
STU01415,22,Male,AIML,3rd Year,5.7,5.3,8.8,High,9,9,9,4,3,1.1,Poor,73.9,7.92,Poor,Medium
STU01416,24,Male,AIDS,1st Year,3.1,6.8,7.7,Medium,4,3,6,8,7,1.7,Average,90.9,7.39,Good,Medium
STU01417,23,Male,Cyber,2nd Year,3.4,7.6,5.3,Medium,8,5,5,6,6,1.6,Average,77.7,7.27,Good,Medium
STU01418,21,Male,CSE,1st Year,6.4,6.1,8.3,High,8,7,9,2,4,1.2,Poor,87.0,7.64,Good,High
STU01419,24,Male,CSE,4th Year,6.1,6.4,4.0,Low,5,2,4,6,7,1.7,Poor,77.3,8.16,Average,Medium
STU01420,21,Female,Cyber,3rd Year,4.4,6.3,5.1,Medium,4,5,4,4,7,1.5,Average,74.7,9.01,Poor,Low
STU01421,25,Male,AIML,2nd Year,1.7,7.1,3.5,Low,3,1,1,4,10,2.1,Average,78.7,7.54,Average,Low
STU01422,25,Male,CSE,2nd Year,6.7,7.5,2.0,Low,2,2,1,1,7,2.2,Good,83.2,9.32,Good,Low
STU01423,22,Female,ECE,3rd Year,4.2,7.4,3.0,Medium,4,2,4,5,4,1.4,Average,73.4,7.69,Good,Low
STU01424,23,Male,AIML,4th Year,8.8,5.7,6.1,High,8,4,6,6,7,1.1,Poor,86.4,7.9,Good,Medium
STU01425,20,Female,ECE,1st Year,4.8,7.9,6.1,Medium,7,5,5,5,4,2.4,Average,72.6,7.64,Average,Medium
STU01426,24,Female,AIML,1st Year,5.1,7.6,3.4,Medium,6,6,4,4,6,1.4,Poor,83.1,7.9,Average,Medium
STU01427,23,Male,CSE,1st Year,4.2,4.3,7.2,Medium,5,4,5,3,5,2.2,Poor,73.7,8.06,Good,Low
STU01428,25,Female,CSE,2nd Year,5.0,7.9,2.1,Low,2,1,1,5,8,1.8,Good,80.9,8.21,Average,Low
STU01429,20,Female,AIML,2nd Year,10.0,7.5,5.9,Medium,7,6,6,6,3,1.8,Average,88.8,7.33,Good,Medium
STU01430,24,Female,CSE,1st Year,4.4,7.1,4.8,Medium,8,5,4,9,5,2.4,Average,94.1,7.82,Average,High
STU01431,21,Female,AIML,2nd Year,7.8,5.3,7.1,High,10,9,10,3,4,0.6,Poor,83.3,7.77,Poor,Medium
STU01432,19,Female,CIVIL,2nd Year,5.2,6.7,6.4,Medium,6,3,7,6,6,1.1,Poor,70.2,7.04,Poor,Medium
STU01433,19,Female,AIDS,1st Year,6.9,7.5,5.3,Low,3,3,4,1,8,1.6,Average,75.6,8.53,Good,Low
STU01434,22,Male,AIML,4th Year,1.5,7.5,6.1,Medium,5,8,5,6,6,1.5,Average,98.1,8.57,Good,Low
STU01435,20,Female,ECE,3rd Year,8.4,5.7,5.7,Low,5,4,5,1,8,1.8,Average,81.4,8.99,Good,Low
STU01436,18,Female,ECE,2nd Year,5.7,6.0,3.9,Medium,8,6,4,10,5,1.3,Good,69.0,7.89,Good,Low
STU01437,21,Female,AIDS,2nd Year,4.5,8.3,6.7,Medium,5,2,5,5,3,1.3,Poor,90.5,6.98,Average,Low
STU01438,23,Female,AIML,2nd Year,6.3,7.5,2.7,Low,4,1,2,8,9,3.0,Good,88.2,8.76,Good,Low
STU01439,20,Male,AIML,4th Year,4.9,9.0,3.6,Low,3,3,1,5,10,2.0,Average,93.9,9.02,Good,Medium
STU01440,25,Female,AIML,3rd Year,3.0,9.0,5.0,Medium,7,5,5,4,5,1.1,Average,62.9,7.17,Poor,High
STU01441,24,Female,CSE,2nd Year,1.0,5.6,6.9,High,7,8,8,10,6,1.5,Poor,73.2,7.2,Good,High
STU01442,22,Male,AIML,4th Year,8.3,5.7,4.6,Medium,5,5,7,3,5,1.9,Poor,89.2,8.4,Average,Medium
STU01443,25,Male,AIDS,4th Year,4.8,6.1,5.7,Medium,6,4,9,8,6,2.0,Average,73.2,8.58,Average,High
STU01444,21,Male,CIVIL,4th Year,4.1,7.2,8.2,High,8,8,6,5,7,2.2,Poor,87.3,7.5,Average,Medium
STU01445,19,Male,CSE,1st Year,4.1,7.8,3.8,Low,5,3,5,4,6,1.6,Good,70.3,8.17,Good,Low
STU01446,18,Female,Cyber,1st Year,7.4,9.0,4.5,Medium,3,2,3,5,7,1.6,Average,84.8,8.47,Poor,Low
STU01447,25,Male,AIML,3rd Year,4.2,6.7,3.9,Medium,5,5,7,5,6,0.4,Poor,94.3,8.06,Average,Medium
STU01448,25,Male,Cyber,2nd Year,6.5,6.6,7.2,High,8,9,8,7,7,0.6,Poor,67.4,8.24,Good,High
STU01449,23,Female,Cyber,3rd Year,4.5,5.9,4.7,High,6,4,7,8,6,1.4,Poor,81.8,7.29,Poor,High
STU01450,18,Female,CSE,3rd Year,2.9,4.1,5.9,Medium,9,6,8,6,8,0.6,Poor,83.3,7.75,Good,Medium
STU01451,20,Female,AIDS,2nd Year,6.5,7.0,3.1,Medium,5,4,4,4,7,0.8,Average,84.8,8.17,Good,Medium
STU01452,18,Female,CIVIL,2nd Year,6.9,5.9,6.7,Medium,6,5,7,9,6,1.6,Average,80.9,7.23,Poor,High
STU01453,18,Female,ECE,2nd Year,3.7,7.4,5.2,Medium,5,6,5,6,6,2.0,Poor,75.5,8.5,Poor,Medium
STU01454,19,Female,ECE,2nd Year,4.9,5.1,5.3,Low,3,4,4,3,6,1.4,Poor,83.8,8.4,Good,Low
STU01455,22,Female,Cyber,3rd Year,5.5,5.5,7.3,High,8,8,8,10,1,1.6,Poor,75.9,7.58,Average,High
STU01456,18,Male,AIML,3rd Year,5.2,8.3,2.0,Low,1,2,2,3,9,2.7,Good,81.1,8.43,Poor,Low
STU01457,25,Female,CSE,2nd Year,8.6,7.1,4.4,Medium,6,7,5,3,5,2.1,Good,90.7,8.18,Good,Low
STU01458,21,Male,ECE,3rd Year,4.4,6.8,5.3,Medium,7,5,7,4,7,2.7,Average,75.1,8.23,Good,Low
STU01459,20,Male,CSE,2nd Year,4.1,9.0,2.0,Low,3,3,2,3,10,3.0,Good,76.9,8.24,Good,Medium
STU01460,22,Male,AIDS,3rd Year,4.9,7.8,3.7,High,9,5,6,4,5,1.7,Poor,74.2,7.28,Average,Medium
STU01461,24,Female,Cyber,1st Year,3.1,6.6,3.5,Medium,4,1,5,10,4,1.5,Poor,78.1,7.7,Good,Medium
STU01462,20,Female,AIML,3rd Year,1.8,8.4,3.4,Medium,4,4,3,7,5,1.7,Good,81.5,7.85,Good,Medium
STU01463,18,Male,AIML,3rd Year,5.7,7.4,6.4,High,10,8,10,6,4,1.7,Poor,63.7,6.74,Good,High
STU01464,18,Female,CIVIL,1st Year,6.2,6.1,6.8,High,8,6,8,5,5,0.7,Poor,81.0,7.87,Good,Low
STU01465,24,Male,CSE,3rd Year,5.1,6.5,6.7,Medium,7,7,6,8,8,2.1,Poor,90.5,7.41,Good,High
STU01466,18,Female,CSE,4th Year,5.0,6.5,7.9,Medium,9,4,6,6,7,1.3,Average,81.1,7.28,Average,Medium
STU01467,23,Female,CSE,1st Year,3.3,6.3,5.0,Medium,7,4,4,10,8,1.7,Poor,71.2,9.53,Average,Medium
STU01468,21,Female,ECE,3rd Year,6.0,5.2,7.2,High,10,10,10,6,3,0.4,Poor,65.7,8.31,Average,High
STU01469,24,Female,CIVIL,4th Year,5.5,7.5,5.9,High,7,7,10,10,7,0.5,Poor,80.2,7.78,Average,High
STU01470,18,Male,AIML,4th Year,5.7,7.6,4.9,Medium,6,4,3,4,6,1.6,Average,69.6,8.51,Average,Medium
STU01471,25,Male,CIVIL,2nd Year,5.2,7.1,4.5,Low,3,3,3,3,10,2.7,Good,78.4,8.85,Average,Low
STU01472,23,Female,AIML,3rd Year,5.9,5.7,6.9,High,7,5,7,7,5,0.9,Poor,66.3,7.61,Good,High
STU01473,21,Female,ECE,4th Year,7.4,6.1,6.3,Low,6,2,5,4,4,2.4,Poor,83.2,8.22,Average,Low
STU01474,19,Male,CSE,3rd Year,5.7,7.4,4.6,Low,4,3,2,6,9,1.7,Average,100.0,8.39,Poor,Low
STU01475,25,Male,Cyber,1st Year,6.0,7.4,7.5,High,8,2,5,10,8,0.8,Average,70.0,8.42,Average,Medium
STU01476,20,Male,ECE,1st Year,1.8,6.2,5.0,Low,6,4,5,4,6,1.7,Average,89.7,8.61,Average,Low
STU01477,21,Male,Cyber,4th Year,7.0,7.3,4.9,Medium,7,6,6,4,8,1.7,Poor,75.1,8.66,Good,High
STU01478,21,Male,AIML,2nd Year,4.6,6.7,5.0,High,7,5,5,4,3,1.4,Poor,69.5,7.8,Average,Medium
STU01479,19,Male,AIDS,1st Year,5.0,7.3,4.5,Medium,4,7,6,4,5,1.8,Good,97.3,9.44,Average,Low
STU01480,21,Female,CIVIL,2nd Year,2.9,7.4,4.4,High,10,9,7,6,5,2.2,Average,96.4,7.74,Good,High
STU01481,19,Male,Cyber,3rd Year,8.6,7.8,4.0,Medium,4,5,4,9,6,1.7,Average,87.5,9.42,Poor,High
STU01482,18,Male,ECE,2nd Year,1.0,5.8,3.3,Medium,6,3,6,5,6,1.4,Average,86.8,7.63,Poor,Medium
STU01483,20,Male,AIDS,4th Year,7.5,6.1,5.2,Low,2,6,2,1,7,1.1,Average,84.9,7.51,Good,Low
STU01484,18,Male,AIML,3rd Year,6.0,6.0,6.7,High,8,8,10,2,4,1.8,Average,75.7,8.71,Average,High
STU01485,21,Female,AIDS,4th Year,1.5,7.3,2.6,Medium,5,3,4,10,6,1.4,Poor,86.0,8.23,Good,High
STU01486,24,Male,AIML,4th Year,9.0,7.3,5.6,High,9,7,9,5,4,0.8,Poor,81.2,8.01,Good,High
STU01487,19,Female,AIDS,1st Year,6.4,5.9,9.2,High,10,9,9,8,2,1.5,Poor,87.3,7.35,Good,High
STU01488,18,Female,CSE,3rd Year,1.0,8.7,5.4,Low,3,2,3,4,7,2.9,Good,81.1,7.45,Poor,Medium
STU01489,18,Male,AIML,1st Year,3.5,7.8,3.2,Low,1,1,1,1,10,2.7,Good,96.2,8.39,Good,Low
STU01490,22,Female,Cyber,4th Year,6.2,5.7,5.3,High,10,7,10,5,3,1.1,Poor,76.6,7.71,Good,High
STU01491,20,Female,Cyber,1st Year,8.0,6.7,5.3,Medium,4,2,4,8,8,1.6,Average,91.7,8.18,Average,Medium
STU01492,21,Male,AIDS,3rd Year,4.0,6.5,4.4,Low,3,3,4,6,10,1.6,Average,100.0,7.23,Good,Medium
STU01493,18,Male,CIVIL,4th Year,1.0,8.2,3.6,Low,6,2,4,3,9,1.5,Average,93.1,8.93,Average,Low
STU01494,20,Female,CSE,1st Year,7.5,4.5,4.2,Medium,5,5,7,1,7,1.5,Average,90.3,8.01,Good,Medium
STU01495,21,Female,AIML,4th Year,6.2,5.6,5.8,Medium,8,6,5,4,3,1.5,Poor,83.4,8.31,Good,Medium
STU01496,21,Male,AIML,1st Year,1.0,7.7,3.4,Medium,7,5,6,4,6,1.4,Average,91.4,7.38,Average,High
STU01497,22,Female,Cyber,2nd Year,5.9,5.8,4.6,High,8,5,7,10,6,1.8,Poor,95.5,7.83,Poor,High
STU01498,24,Male,Cyber,2nd Year,5.9,7.5,5.4,Medium,6,4,3,6,2,1.3,Average,66.3,8.2,Good,Medium
STU01499,21,Female,AIDS,2nd Year,4.3,8.9,3.8,Low,4,2,4,2,6,1.4,Average,88.2,8.49,Average,Low
STU01500,24,Male,AIDS,3rd Year,3.4,7.1,4.5,Medium,5,4,7,3,8,2.3,Good,63.1,7.61,Poor,Low
STU01501,22,Male,CSE,4th Year,4.0,7.5,3.6,High,9,6,6,6,4,1.3,Poor,87.1,8.04,Poor,High
STU01502,20,Female,Cyber,2nd Year,4.6,8.5,7.0,Medium,5,6,8,5,6,1.1,Poor,82.7,8.05,Good,High
STU01503,19,Female,ECE,3rd Year,5.9,6.6,8.8,High,7,4,9,8,5,1.2,Poor,73.1,7.52,Poor,Medium
STU01504,20,Female,Cyber,4th Year,6.4,6.9,6.3,Medium,4,4,5,7,4,2.4,Good,61.8,7.25,Average,Low
STU01505,22,Male,CSE,3rd Year,1.2,7.5,6.8,Medium,8,4,6,2,6,1.6,Poor,81.1,7.33,Good,Medium
STU01506,19,Male,AIML,1st Year,5.6,7.5,6.5,Medium,6,6,4,4,4,2.0,Poor,81.2,7.57,Average,Medium
STU01507,25,Female,AIML,4th Year,5.8,7.0,5.2,Low,4,4,4,3,7,1.5,Average,83.2,8.09,Average,Medium
STU01508,21,Female,CSE,1st Year,5.0,7.0,4.3,Low,1,2,4,1,9,2.5,Average,82.1,9.11,Average,Low
STU01509,24,Male,AIDS,3rd Year,4.1,8.8,3.3,Low,4,2,4,4,8,1.9,Good,78.5,8.56,Good,Low
STU01510,23,Female,AIML,3rd Year,7.5,6.7,5.9,Medium,7,7,5,7,7,2.1,Average,82.7,7.67,Good,Low
STU01511,20,Male,ECE,4th Year,7.6,7.5,6.6,Medium,7,4,7,4,6,1.8,Average,72.6,8.78,Average,Medium
STU01512,19,Male,Cyber,1st Year,4.7,6.3,5.7,High,9,6,10,10,2,0.5,Poor,82.8,7.52,Average,High
STU01513,23,Male,AIDS,1st Year,4.5,9.0,4.7,Low,1,2,2,3,8,2.0,Good,87.5,8.7,Average,Low
STU01514,20,Male,CSE,3rd Year,6.2,6.4,3.8,Medium,4,3,6,1,6,2.2,Poor,70.9,7.52,Good,Medium
STU01515,19,Male,CSE,1st Year,7.2,6.2,4.1,Low,5,3,5,1,8,2.2,Average,85.0,7.91,Average,Low
STU01516,25,Female,AIML,2nd Year,3.7,7.1,6.9,Medium,6,3,10,4,6,1.9,Poor,81.7,8.2,Average,High
STU01517,21,Male,Cyber,3rd Year,3.0,6.1,5.3,Low,6,3,3,6,8,1.7,Poor,97.3,7.64,Good,Low
STU01518,18,Male,AIML,3rd Year,5.4,7.1,4.5,Medium,6,3,5,8,9,2.5,Average,91.4,8.18,Poor,Medium
STU01519,21,Female,AIDS,1st Year,2.6,9.0,3.5,High,2,4,2,7,8,1.6,Good,81.2,8.45,Average,Medium
STU01520,21,Male,AIML,2nd Year,1.6,4.9,5.9,High,8,9,7,7,5,0.5,Good,91.2,7.14,Poor,High
STU01521,24,Male,CSE,4th Year,3.5,7.3,2.7,Low,6,4,7,4,6,1.4,Poor,71.6,6.81,Good,Medium
STU01522,23,Female,AIML,2nd Year,5.6,8.3,3.6,Low,6,2,5,1,5,2.4,Average,85.2,8.66,Average,Low
STU01523,19,Male,AIDS,1st Year,7.7,6.9,3.3,Medium,8,6,7,4,4,1.0,Average,89.2,9.77,Good,Medium
STU01524,19,Female,AIDS,1st Year,4.0,5.3,6.2,High,7,5,7,7,5,0.3,Average,88.6,7.87,Average,High
STU01525,22,Female,AIDS,2nd Year,4.5,7.1,5.7,Low,5,2,2,6,6,0.9,Good,100.0,8.71,Poor,Medium
STU01526,18,Male,Cyber,4th Year,5.1,6.5,5.1,Low,6,3,4,8,6,2.2,Poor,96.0,7.81,Good,Medium
STU01527,20,Female,AIDS,2nd Year,4.1,6.2,5.7,High,7,6,8,6,4,0.3,Poor,75.3,8.27,Good,High
STU01528,19,Female,ECE,1st Year,3.7,6.5,4.3,Low,5,4,5,8,5,1.8,Average,86.3,7.67,Good,Low
STU01529,18,Female,AIML,2nd Year,5.8,6.0,4.8,Low,6,4,6,3,6,1.1,Average,80.8,8.4,Good,Low
STU01530,25,Female,Cyber,1st Year,2.9,7.0,8.2,High,7,4,8,10,6,0.9,Average,74.5,7.96,Average,Medium
STU01531,18,Female,AIDS,2nd Year,3.6,8.2,5.3,Low,5,6,5,6,5,1.0,Average,81.2,8.2,Good,Low
STU01532,18,Female,AIML,4th Year,4.5,7.3,5.1,Medium,5,4,7,7,8,1.7,Average,97.9,8.48,Poor,High
STU01533,25,Female,ECE,3rd Year,5.8,7.6,3.2,High,9,7,7,8,6,0.8,Average,83.4,8.05,Average,High
STU01534,19,Male,Cyber,1st Year,2.6,7.6,4.7,Medium,6,3,9,6,2,1.1,Poor,93.2,7.74,Good,Medium
STU01535,24,Female,Cyber,2nd Year,5.0,5.7,6.1,High,7,8,9,9,5,1.3,Average,68.5,8.01,Good,High
STU01536,18,Female,CSE,1st Year,2.4,7.7,3.5,Low,4,2,2,5,7,2.3,Good,84.3,7.75,Average,Low
STU01537,19,Female,ECE,1st Year,4.1,5.7,6.5,High,9,9,9,4,3,1.6,Poor,79.4,7.35,Poor,Medium
STU01538,18,Male,AIDS,3rd Year,6.3,5.7,5.0,Low,4,4,7,5,10,1.7,Average,89.5,8.97,Good,Low
STU01539,23,Male,CSE,2nd Year,4.7,7.5,5.3,Medium,5,3,4,5,8,1.2,Good,84.5,8.24,Poor,Low
STU01540,22,Male,AIML,3rd Year,8.0,5.9,2.6,Low,7,2,6,6,6,1.8,Average,89.2,8.01,Average,Low
STU01541,21,Male,CSE,4th Year,5.1,6.8,4.5,High,8,9,8,10,5,1.6,Average,84.6,8.29,Average,Medium
STU01542,19,Male,CSE,1st Year,6.9,5.1,5.6,High,6,7,7,8,7,1.2,Poor,68.5,8.19,Poor,High
STU01543,18,Male,CIVIL,4th Year,6.4,7.1,4.1,Medium,6,6,5,5,6,1.4,Average,89.2,7.42,Average,Medium
STU01544,22,Male,Cyber,2nd Year,5.2,4.9,5.6,High,10,9,8,10,4,2.6,Poor,86.8,8.14,Good,High
STU01545,19,Male,AIML,1st Year,2.7,7.3,5.5,Medium,5,5,7,2,7,0.7,Good,83.7,7.86,Average,High
STU01546,22,Male,AIML,4th Year,4.7,6.8,3.7,Low,4,6,2,2,5,2.0,Good,69.9,8.34,Average,Low
STU01547,23,Female,CIVIL,1st Year,3.9,6.7,4.8,Low,6,3,4,5,9,2.3,Good,83.0,8.08,Good,Medium
STU01548,24,Male,AIML,3rd Year,4.1,7.6,6.3,High,7,6,6,10,3,1.2,Poor,83.7,8.03,Average,High
STU01549,21,Male,AIDS,3rd Year,5.3,6.6,5.2,Medium,3,3,5,4,6,1.4,Average,75.4,6.89,Good,Medium
STU01550,18,Male,AIML,2nd Year,2.0,7.7,4.9,High,4,2,4,6,6,1.8,Good,95.5,7.8,Good,Low
STU01551,20,Female,CSE,4th Year,3.6,6.2,3.1,High,6,6,6,9,3,1.2,Poor,84.0,8.04,Good,Medium
STU01552,24,Male,ECE,1st Year,3.1,7.5,4.0,Low,3,2,2,3,9,2.2,Good,85.2,9.43,Good,Low
STU01553,22,Female,CSE,4th Year,4.9,6.9,7.8,High,7,8,10,7,5,0.8,Poor,75.0,7.6,Good,High
STU01554,22,Female,ECE,1st Year,3.3,8.3,2.8,Low,4,2,1,6,10,3.0,Poor,89.9,7.93,Good,Low
STU01555,21,Male,AIML,1st Year,3.7,6.5,3.7,Low,4,1,2,3,4,1.3,Average,82.8,7.99,Good,Low
STU01556,19,Female,AIDS,2nd Year,5.1,8.3,4.4,Medium,5,3,5,6,6,2.5,Average,74.9,7.56,Poor,Medium
STU01557,25,Male,AIDS,4th Year,4.0,6.5,4.3,Medium,4,3,4,1,8,2.1,Poor,82.9,8.84,Good,Low
STU01558,24,Male,AIDS,1st Year,4.9,6.4,4.1,Low,5,5,5,6,8,1.7,Average,84.8,8.11,Good,Low
STU01559,25,Male,CSE,4th Year,3.4,5.7,9.2,High,10,8,9,9,2,1.7,Poor,85.4,7.96,Average,High
STU01560,24,Male,ECE,1st Year,3.5,7.7,5.7,Medium,6,7,4,4,5,0.6,Good,86.9,7.77,Good,Medium
STU01561,20,Female,CIVIL,2nd Year,8.5,6.2,3.3,Low,4,4,2,2,6,2.0,Average,97.3,9.1,Average,Medium
STU01562,20,Female,AIML,2nd Year,3.3,8.6,2.0,Low,1,1,1,3,10,1.7,Good,79.0,7.42,Average,Medium
STU01563,19,Female,AIML,1st Year,1.0,7.7,4.2,Low,1,1,1,6,8,1.9,Good,86.9,8.26,Good,Low
STU01564,25,Male,AIDS,4th Year,5.5,6.7,3.5,Medium,5,3,5,3,7,1.4,Good,100.0,8.57,Average,Medium
STU01565,22,Female,CSE,2nd Year,3.6,8.1,7.4,Low,4,4,3,2,7,1.2,Average,78.9,7.85,Average,Low
STU01566,21,Male,ECE,3rd Year,5.4,6.2,5.6,High,6,4,5,6,8,0.7,Average,76.9,8.15,Average,Low
STU01567,25,Male,AIDS,3rd Year,4.3,9.0,3.9,Low,3,1,1,3,8,2.5,Good,90.1,8.79,Good,Low
STU01568,22,Male,CSE,2nd Year,6.0,6.7,5.4,High,6,5,6,8,8,1.5,Average,98.6,8.74,Average,High
STU01569,25,Female,Cyber,3rd Year,5.1,6.4,7.6,High,7,7,8,10,3,1.0,Poor,72.0,7.88,Good,High
STU01570,25,Female,ECE,4th Year,5.0,7.3,3.5,High,7,6,9,10,5,1.3,Poor,79.2,7.65,Good,High
STU01571,18,Male,AIML,3rd Year,6.6,8.0,2.0,Low,1,2,2,5,7,2.4,Good,93.7,9.13,Good,Medium
STU01572,20,Female,AIDS,3rd Year,1.0,8.3,5.8,Low,2,1,4,4,7,1.6,Good,70.2,7.08,Good,Medium
STU01573,23,Female,CSE,3rd Year,2.4,5.5,6.4,Low,3,5,1,6,10,3.0,Poor,85.7,7.65,Good,Medium
STU01574,24,Female,AIML,3rd Year,3.6,6.3,3.7,Medium,7,6,7,4,7,2.0,Average,76.9,7.0,Average,Medium
STU01575,19,Female,AIDS,2nd Year,1.6,7.8,2.0,Low,4,5,3,6,9,3.0,Good,92.9,8.5,Good,Medium
STU01576,20,Female,CSE,3rd Year,4.6,6.8,6.9,High,10,6,10,4,2,0.7,Poor,88.3,7.72,Average,High
STU01577,22,Female,AIDS,2nd Year,4.0,7.5,5.9,Medium,6,6,4,5,5,1.6,Good,79.0,8.59,Poor,Low
STU01578,24,Female,CSE,3rd Year,6.7,7.5,5.3,High,8,6,5,7,8,0.9,Good,79.8,8.21,Average,High
STU01579,18,Male,Cyber,4th Year,5.2,6.9,6.6,High,10,7,7,8,4,0.8,Poor,95.0,7.27,Good,High
STU01580,22,Female,CSE,4th Year,4.6,7.2,2.8,Medium,7,4,7,5,8,1.2,Poor,76.4,7.92,Poor,Low
STU01581,20,Male,ECE,4th Year,4.4,4.7,5.1,Medium,6,4,4,2,6,3.0,Poor,69.5,6.62,Average,Medium
STU01582,19,Female,AIDS,3rd Year,2.9,8.5,4.2,High,3,1,3,10,7,1.4,Good,96.4,7.94,Average,High
STU01583,22,Male,AIDS,3rd Year,6.3,6.8,3.3,Medium,3,1,3,5,10,1.9,Average,87.8,7.14,Average,Medium
STU01584,21,Male,CIVIL,1st Year,7.0,7.4,2.2,Low,4,2,3,4,8,0.9,Poor,87.0,8.42,Poor,Low
STU01585,23,Male,ECE,2nd Year,3.4,5.8,7.9,High,10,10,9,9,2,1.0,Poor,90.0,7.15,Good,Medium
STU01586,20,Male,AIDS,1st Year,8.1,6.5,6.9,High,6,4,8,10,3,0.8,Poor,67.9,7.68,Average,High
STU01587,24,Male,Cyber,1st Year,3.9,5.7,4.4,Medium,7,5,7,8,7,1.9,Poor,79.2,7.25,Poor,Medium
STU01588,18,Male,CIVIL,4th Year,3.4,5.6,4.1,Low,2,3,4,1,8,0.9,Poor,76.5,7.69,Average,Low
STU01589,24,Male,ECE,4th Year,6.1,5.4,5.4,High,6,7,9,10,4,1.1,Poor,80.6,8.09,Average,Medium
STU01590,18,Male,CIVIL,2nd Year,5.7,8.3,3.3,Low,1,3,2,2,10,1.0,Good,83.7,7.56,Good,Low
STU01591,23,Female,AIML,1st Year,4.5,6.4,4.4,Low,2,3,2,4,9,1.8,Good,79.7,8.59,Average,Medium
STU01592,20,Female,Cyber,3rd Year,4.2,6.3,5.4,Low,3,3,3,2,7,1.5,Average,90.4,7.67,Poor,Low
STU01593,21,Female,AIDS,2nd Year,7.6,6.1,8.4,High,10,8,10,6,4,0.5,Average,73.3,6.49,Good,High
STU01594,18,Male,CSE,4th Year,4.4,4.8,8.3,High,10,8,9,9,4,0.6,Poor,63.4,7.85,Average,High
STU01595,23,Male,CSE,4th Year,4.8,6.6,4.6,Medium,5,6,4,1,7,2.2,Average,74.5,8.69,Poor,Low
STU01596,19,Female,CIVIL,2nd Year,7.9,7.2,8.3,Low,3,6,5,2,7,2.9,Average,86.7,8.0,Good,Low
STU01597,23,Male,Cyber,1st Year,2.2,8.0,5.7,Low,1,1,4,6,10,2.3,Good,76.0,7.88,Good,Low
STU01598,23,Male,CSE,1st Year,4.2,5.8,4.4,High,5,2,6,5,5,1.0,Average,83.5,7.74,Good,Low
STU01599,24,Female,AIML,1st Year,6.9,6.8,5.5,Low,7,6,8,1,7,1.5,Poor,92.0,7.62,Average,Low
STU01600,23,Female,AIML,2nd Year,6.1,6.7,3.3,High,8,8,6,6,5,1.0,Poor,83.8,7.42,Average,Medium
STU01601,20,Male,ECE,1st Year,6.8,5.2,6.1,High,8,9,5,7,5,1.7,Poor,72.9,7.91,Average,High
STU01602,23,Female,CIVIL,1st Year,2.6,7.1,7.2,High,7,6,6,5,8,1.7,Average,85.1,9.03,Poor,Low
STU01603,24,Male,CIVIL,2nd Year,5.7,5.8,9.3,High,9,8,6,5,5,0.4,Average,69.5,7.48,Average,High
STU01604,20,Female,ECE,1st Year,4.3,7.3,4.4,Medium,4,6,4,5,8,2.3,Average,86.2,8.69,Good,High
STU01605,18,Male,ECE,3rd Year,9.2,7.2,6.1,High,9,8,4,6,6,1.8,Poor,77.0,8.12,Good,High
STU01606,25,Male,AIML,1st Year,6.3,6.9,5.5,Low,4,5,3,1,6,2.5,Poor,76.0,7.15,Average,Low
STU01607,19,Female,AIDS,4th Year,5.1,7.4,8.2,Low,8,4,4,5,7,1.1,Poor,84.9,7.81,Average,Low
STU01608,22,Male,CSE,1st Year,5.6,7.3,4.3,High,8,6,6,7,7,1.5,Good,64.5,7.59,Good,Medium
STU01609,19,Female,CSE,1st Year,5.1,7.6,8.7,Medium,3,5,5,5,5,0.8,Poor,72.2,8.61,Average,Low
STU01610,19,Male,CIVIL,1st Year,6.5,6.7,5.5,Medium,6,6,7,6,7,1.2,Poor,69.9,8.48,Poor,High
STU01611,24,Female,AIDS,3rd Year,3.1,8.7,2.3,Low,2,2,4,7,7,2.3,Good,85.0,8.5,Poor,Low
STU01612,19,Female,AIML,1st Year,7.2,7.7,3.8,Low,1,5,4,2,8,1.5,Poor,97.2,9.15,Good,Low
STU01613,23,Male,ECE,2nd Year,2.5,5.4,3.9,Low,6,3,3,1,6,1.8,Average,89.2,7.86,Good,Medium
STU01614,23,Female,Cyber,1st Year,5.0,6.9,4.4,Low,6,4,3,5,10,2.1,Average,89.3,9.01,Poor,Low
STU01615,18,Male,AIML,4th Year,3.4,6.8,2.7,Low,5,4,5,5,6,1.4,Average,84.3,8.03,Poor,Medium
STU01616,19,Male,AIML,1st Year,5.0,6.9,5.0,Low,6,3,5,7,8,2.4,Good,83.6,8.64,Good,Low
STU01617,24,Male,CSE,2nd Year,7.1,6.4,7.2,High,10,6,8,8,5,0.9,Poor,87.1,8.37,Average,High
STU01618,22,Female,Cyber,4th Year,2.0,6.0,7.3,High,7,3,6,6,5,1.5,Poor,66.8,7.97,Good,High
STU01619,18,Female,Cyber,1st Year,5.0,8.0,7.0,High,8,7,7,5,7,0.3,Poor,83.5,7.24,Poor,High
STU01620,25,Female,Cyber,1st Year,2.5,6.5,7.3,Medium,6,5,6,5,5,1.7,Average,76.6,7.43,Good,Medium
STU01621,20,Female,CSE,4th Year,4.4,7.1,3.9,Medium,6,3,6,10,5,1.4,Average,88.4,8.52,Good,High
STU01622,18,Female,CIVIL,2nd Year,2.4,6.1,5.8,High,8,3,5,9,7,2.0,Poor,85.5,8.28,Good,High
STU01623,25,Male,ECE,1st Year,5.5,5.5,3.0,High,8,7,6,9,2,0.5,Poor,84.6,7.85,Average,High
STU01624,18,Female,CIVIL,2nd Year,4.5,6.0,6.1,High,9,7,8,7,7,1.3,Poor,89.3,7.46,Good,Medium
STU01625,22,Female,CSE,1st Year,6.3,6.9,5.6,High,5,3,4,3,7,0.3,Good,71.6,8.02,Average,Medium
STU01626,25,Male,ECE,4th Year,6.8,7.6,4.3,Low,1,1,1,6,7,2.4,Good,97.5,8.47,Poor,Medium
STU01627,22,Female,AIDS,3rd Year,4.6,9.0,2.0,Low,3,1,1,3,8,2.0,Good,89.2,8.3,Average,Low
STU01628,22,Male,AIML,3rd Year,6.5,6.9,4.4,Medium,4,5,7,3,4,1.8,Average,79.8,9.14,Good,Medium
STU01629,21,Male,CSE,1st Year,6.9,8.0,2.8,Low,2,1,1,1,10,2.0,Good,100.0,8.59,Average,Low
STU01630,19,Male,AIML,3rd Year,3.8,6.5,6.3,High,10,6,10,5,1,0.3,Poor,79.5,7.61,Good,High
STU01631,22,Male,AIML,3rd Year,7.7,6.3,6.7,Medium,5,5,4,8,6,1.1,Poor,76.0,7.91,Average,Medium
STU01632,25,Male,Cyber,1st Year,4.8,7.6,4.3,Medium,4,5,5,5,7,1.8,Average,92.5,7.52,Average,Medium
STU01633,18,Female,AIML,4th Year,3.0,6.3,4.3,Low,6,3,3,5,7,2.2,Good,86.6,7.48,Poor,Low
STU01634,25,Female,AIML,3rd Year,5.8,5.1,5.5,High,8,7,7,7,5,1.3,Poor,73.9,7.55,Good,High
STU01635,21,Male,ECE,4th Year,4.6,7.5,5.6,Low,2,2,3,2,9,1.4,Good,82.2,7.14,Poor,Medium
STU01636,22,Male,CSE,1st Year,2.2,7.2,5.8,Low,4,2,3,1,10,2.9,Good,89.0,9.14,Average,Low
STU01637,19,Male,AIML,1st Year,2.8,6.5,4.1,Low,3,2,2,2,6,2.0,Average,80.5,7.81,Average,Low
STU01638,22,Male,ECE,3rd Year,8.0,6.8,9.0,Medium,3,2,6,3,6,1.1,Poor,82.7,7.8,Average,Medium
STU01639,19,Female,CSE,4th Year,5.7,6.6,4.8,High,8,8,9,4,4,1.5,Poor,86.3,8.5,Average,High
STU01640,20,Male,AIML,2nd Year,8.0,5.5,7.6,High,7,7,8,9,5,1.2,Poor,77.5,7.61,Poor,High
STU01641,23,Female,CSE,1st Year,4.5,5.8,4.9,High,8,7,7,7,3,1.0,Average,93.1,8.07,Average,High
STU01642,18,Female,CSE,4th Year,3.6,7.0,6.2,Medium,5,5,5,8,6,1.3,Good,82.1,7.54,Good,Low
STU01643,21,Female,Cyber,1st Year,2.2,5.3,7.0,High,9,7,9,9,4,1.7,Poor,88.2,7.58,Poor,High
STU01644,22,Female,CSE,2nd Year,6.6,6.6,3.3,Low,4,2,2,3,8,2.7,Good,92.8,8.83,Average,Low
STU01645,19,Male,AIML,3rd Year,5.3,8.3,3.4,Low,1,1,2,2,9,1.0,Good,100.0,8.15,Average,Medium
STU01646,20,Female,CIVIL,1st Year,4.1,7.1,7.0,Medium,5,3,3,6,8,2.4,Poor,100.0,8.53,Average,Low
STU01647,20,Female,CIVIL,1st Year,3.4,6.8,3.4,Low,4,7,4,6,7,1.8,Average,71.5,6.63,Good,Medium
STU01648,23,Female,CSE,1st Year,6.9,6.3,5.2,Medium,6,5,3,4,6,1.9,Good,87.0,8.94,Average,Medium
STU01649,25,Female,AIML,4th Year,4.4,6.4,4.8,Low,4,3,3,4,8,2.6,Poor,85.4,7.89,Average,Low
STU01650,24,Female,Cyber,2nd Year,4.6,6.9,4.7,Low,6,6,7,1,6,0.2,Average,85.0,8.01,Good,Low
STU01651,19,Female,AIDS,3rd Year,4.1,8.3,3.5,Medium,6,7,5,5,6,1.7,Poor,76.0,7.59,Average,High
STU01652,18,Male,AIDS,4th Year,4.7,6.4,7.8,High,9,6,10,10,3,1.6,Poor,69.9,6.77,Good,Medium
STU01653,18,Female,CSE,3rd Year,5.6,6.5,3.7,Low,2,1,4,1,9,1.7,Average,81.0,7.84,Good,Low
STU01654,22,Female,CSE,2nd Year,2.1,8.1,5.5,Low,3,2,4,6,9,1.2,Average,88.6,8.49,Poor,Low
STU01655,19,Male,AIML,2nd Year,4.9,6.6,4.8,Medium,6,4,2,4,10,2.7,Poor,93.0,8.56,Average,Medium
STU01656,19,Female,AIDS,2nd Year,6.9,6.4,6.0,Medium,7,6,5,4,6,0.3,Average,74.6,7.24,Average,Low
STU01657,24,Male,CIVIL,3rd Year,4.8,6.4,5.5,Low,4,4,4,4,7,1.8,Poor,80.3,8.25,Average,Medium
STU01658,24,Female,CSE,4th Year,6.7,9.0,3.3,Low,4,3,4,9,6,2.3,Good,79.7,8.49,Average,Low
STU01659,24,Male,ECE,4th Year,7.6,5.4,7.9,High,9,8,7,10,6,1.5,Average,70.8,7.53,Average,High
STU01660,20,Male,CSE,2nd Year,6.9,6.6,5.6,Medium,7,4,6,6,4,1.5,Poor,75.8,6.97,Average,Medium
STU01661,22,Female,ECE,2nd Year,4.0,6.2,4.7,Medium,5,4,4,6,4,1.4,Poor,84.8,7.88,Average,Medium
STU01662,22,Male,CIVIL,4th Year,4.7,7.9,6.1,Low,5,1,3,3,7,2.0,Good,95.7,8.47,Average,Low
STU01663,19,Male,Cyber,1st Year,5.7,6.9,5.8,Medium,5,4,6,4,6,1.0,Poor,71.2,7.74,Good,Low
STU01664,22,Male,CSE,4th Year,4.1,8.1,4.7,Low,3,4,8,3,5,1.3,Good,82.8,7.62,Good,Medium
STU01665,22,Male,ECE,1st Year,4.0,7.6,5.5,Medium,4,5,4,4,6,1.6,Good,92.5,8.3,Poor,Low
STU01666,21,Female,AIML,3rd Year,3.9,6.5,5.6,Medium,5,3,3,7,7,0.8,Poor,74.9,8.63,Good,Low
STU01667,24,Female,AIDS,4th Year,9.8,8.9,5.9,High,7,8,6,5,5,1.5,Poor,88.0,7.54,Average,High
STU01668,23,Male,AIML,2nd Year,4.6,7.2,6.6,Medium,4,7,7,4,8,0.0,Poor,77.4,7.62,Good,Medium
STU01669,22,Female,AIDS,1st Year,7.2,5.7,4.5,High,9,7,8,2,3,1.3,Poor,83.0,9.26,Average,Medium
STU01670,23,Male,AIML,4th Year,3.8,6.3,6.7,Medium,9,7,7,6,7,1.3,Poor,74.2,7.57,Good,Low
STU01671,24,Female,CSE,2nd Year,8.2,7.1,6.7,High,7,5,6,6,5,0.9,Poor,83.6,7.27,Poor,High
STU01672,22,Male,AIML,2nd Year,4.2,7.6,5.6,Low,5,5,3,3,8,1.0,Average,97.2,7.91,Average,Low
STU01673,20,Male,CSE,2nd Year,5.4,6.7,3.2,Medium,6,5,8,3,5,0.9,Poor,76.3,7.18,Good,Medium
STU01674,24,Male,AIML,2nd Year,1.8,7.4,5.5,High,8,8,10,6,3,1.7,Average,87.9,7.9,Average,Medium
STU01675,23,Female,ECE,3rd Year,7.7,6.1,6.0,High,10,10,10,5,1,0.8,Poor,72.5,7.4,Poor,High
STU01676,25,Male,CSE,1st Year,7.5,5.9,7.2,High,8,4,6,6,5,0.8,Average,74.3,7.53,Good,Medium
STU01677,19,Male,CSE,2nd Year,3.0,8.3,5.3,Medium,8,5,6,4,7,1.3,Poor,77.7,8.6,Good,Medium
STU01678,21,Female,CSE,4th Year,7.2,8.4,7.0,High,7,6,4,10,4,1.5,Poor,79.0,7.97,Good,High
STU01679,25,Female,CSE,1st Year,2.6,7.6,3.5,Medium,4,4,6,7,5,1.7,Average,71.2,7.47,Good,Medium
STU01680,22,Male,AIDS,2nd Year,6.1,7.0,5.5,High,6,5,6,10,7,1.0,Average,86.8,7.42,Good,Medium
STU01681,25,Female,CIVIL,3rd Year,4.6,6.7,5.5,Medium,5,5,5,8,6,1.5,Average,85.9,7.36,Poor,High
STU01682,18,Female,CSE,4th Year,7.5,6.2,9.3,High,9,8,8,7,6,1.8,Average,86.2,7.26,Good,High
STU01683,18,Male,AIDS,3rd Year,5.7,6.0,7.8,High,10,7,8,6,3,1.4,Poor,88.2,7.59,Good,High
STU01684,24,Female,AIDS,4th Year,6.8,4.7,6.9,High,6,9,7,7,3,1.6,Poor,88.2,7.5,Good,High
STU01685,20,Male,CIVIL,1st Year,7.1,8.4,7.4,Medium,5,5,5,8,8,2.6,Good,79.3,8.56,Average,Medium
STU01686,22,Female,AIML,2nd Year,4.4,8.0,5.3,Low,6,2,5,9,9,1.7,Poor,80.3,7.64,Poor,Medium
STU01687,21,Male,AIML,4th Year,4.6,6.0,3.9,Low,4,5,1,6,8,1.5,Average,94.7,8.86,Good,Medium
STU01688,21,Female,Cyber,4th Year,3.4,6.7,6.4,High,7,9,9,8,2,0.5,Good,77.6,7.6,Average,Medium
STU01689,25,Male,AIDS,3rd Year,4.3,7.1,5.1,Medium,2,4,5,8,6,1.8,Good,84.3,8.41,Poor,High
STU01690,18,Male,AIDS,2nd Year,8.7,6.1,2.5,High,8,7,7,9,5,0.4,Poor,70.6,8.21,Good,Medium
STU01691,24,Female,Cyber,2nd Year,6.4,7.1,5.5,Medium,4,3,7,8,5,1.2,Average,76.5,8.95,Average,Medium
STU01692,25,Male,AIML,1st Year,3.2,5.1,5.8,Medium,6,3,5,5,8,1.6,Poor,85.3,7.31,Average,Medium
STU01693,23,Female,AIDS,4th Year,7.9,6.9,4.9,Medium,6,4,6,2,8,2.2,Poor,66.9,8.41,Poor,High
STU01694,21,Female,AIDS,4th Year,5.5,7.3,2.5,High,6,5,4,3,8,0.9,Poor,66.8,8.23,Poor,High
STU01695,19,Female,AIML,2nd Year,6.3,7.4,4.1,Low,3,3,2,4,5,1.9,Good,91.9,8.94,Good,Low
STU01696,23,Male,ECE,2nd Year,6.3,4.6,4.8,High,9,10,9,5,2,0.9,Poor,70.0,7.44,Average,High
STU01697,21,Female,AIML,2nd Year,5.8,7.1,7.6,Medium,7,7,7,7,5,1.5,Average,85.2,8.61,Poor,Medium
STU01698,19,Male,Cyber,1st Year,1.7,7.1,5.9,High,7,7,6,9,3,1.2,Poor,89.5,6.8,Average,High
STU01699,20,Male,Cyber,3rd Year,7.3,6.4,3.8,High,10,9,7,7,4,1.0,Poor,67.7,6.95,Poor,Medium
STU01700,25,Female,AIDS,3rd Year,1.0,6.8,4.6,Medium,5,6,4,7,7,2.4,Average,70.5,7.41,Poor,Low
STU01701,20,Female,CIVIL,1st Year,6.9,9.0,6.7,High,6,5,9,6,3,2.0,Poor,77.9,7.81,Average,High
STU01702,19,Male,Cyber,3rd Year,5.2,5.9,5.5,Medium,6,4,5,9,7,2.7,Poor,76.3,7.89,Average,Low
STU01703,23,Male,AIML,4th Year,6.2,8.1,3.0,Low,3,3,4,5,8,1.9,Average,87.0,7.95,Average,Low
STU01704,19,Female,AIML,1st Year,5.2,7.1,4.2,Medium,6,1,5,1,7,1.3,Poor,87.1,7.49,Average,Medium
STU01705,25,Female,CSE,2nd Year,7.0,8.3,5.4,High,7,6,6,8,6,0.8,Average,82.0,7.5,Average,High
STU01706,24,Male,AIML,2nd Year,4.9,7.4,4.2,Low,5,5,5,8,6,1.4,Good,84.6,7.14,Average,Low
STU01707,25,Female,CSE,1st Year,5.4,7.5,3.3,Low,4,4,4,4,9,2.0,Poor,91.9,7.97,Poor,Low
STU01708,25,Male,Cyber,3rd Year,5.7,7.4,5.0,Medium,4,5,5,3,6,2.0,Poor,88.1,8.03,Poor,Medium
STU01709,19,Male,CSE,3rd Year,8.9,4.7,5.4,High,10,8,8,5,5,1.1,Poor,71.0,7.66,Poor,High
STU01710,19,Female,AIML,1st Year,5.6,7.0,4.8,Low,1,1,1,6,8,1.8,Average,95.3,8.69,Average,Low
STU01711,20,Female,AIDS,1st Year,2.8,6.3,7.0,High,8,8,8,4,8,1.0,Poor,67.4,8.51,Good,High
STU01712,21,Male,AIML,4th Year,3.9,7.8,3.7,High,6,4,5,4,5,2.7,Good,91.7,8.48,Poor,High
STU01713,25,Male,ECE,2nd Year,5.9,7.4,3.7,Low,4,3,6,6,10,1.3,Poor,85.1,8.58,Good,Low
STU01714,23,Male,CIVIL,3rd Year,7.2,6.8,4.4,Medium,5,6,6,2,5,2.4,Average,73.6,8.22,Good,Medium
STU01715,23,Female,ECE,3rd Year,3.9,7.7,5.8,Medium,6,7,7,6,7,1.5,Poor,75.7,7.91,Poor,Low
STU01716,25,Male,CSE,4th Year,9.2,4.6,6.2,Medium,5,6,6,7,4,0.8,Poor,87.0,7.86,Poor,Medium
STU01717,23,Male,AIML,3rd Year,5.4,5.5,6.0,Medium,5,6,5,5,7,0.8,Poor,75.0,7.87,Average,Medium
STU01718,21,Female,ECE,4th Year,6.0,4.0,6.8,High,8,5,6,8,4,0.7,Poor,80.4,8.7,Poor,High
STU01719,21,Male,Cyber,3rd Year,3.1,7.2,8.4,High,9,7,8,8,3,1.3,Poor,83.3,7.44,Average,High
STU01720,22,Female,CSE,2nd Year,7.2,6.3,6.0,High,8,8,8,5,1,0.7,Poor,78.5,7.03,Poor,Low
STU01721,18,Male,Cyber,2nd Year,4.1,8.0,3.0,Low,6,3,7,4,10,2.5,Average,77.5,8.37,Good,Low
STU01722,23,Female,Cyber,2nd Year,3.8,6.4,3.6,Medium,5,4,7,3,6,1.2,Poor,79.3,8.18,Average,Medium
STU01723,23,Male,AIML,2nd Year,4.6,7.4,7.8,Medium,6,6,5,5,1,1.7,Average,68.5,7.71,Good,High
STU01724,23,Male,ECE,1st Year,7.3,7.1,5.1,Medium,6,4,2,3,8,2.1,Good,81.8,7.23,Good,Medium
STU01725,22,Male,CSE,2nd Year,5.4,8.0,4.1,Low,1,3,2,2,10,2.9,Good,80.2,9.07,Average,Low
STU01726,24,Female,AIML,2nd Year,2.9,8.1,4.0,Low,1,1,2,3,8,2.0,Good,90.7,8.59,Good,Medium
STU01727,25,Female,AIDS,1st Year,4.1,7.1,5.5,Medium,5,1,5,7,5,1.5,Good,71.5,7.58,Good,Medium
STU01728,22,Male,AIML,2nd Year,7.6,8.2,6.0,Medium,6,6,7,3,6,0.6,Poor,81.3,8.61,Average,Medium
STU01729,21,Male,ECE,3rd Year,4.3,6.0,3.7,Low,2,1,3,1,10,2.0,Good,96.4,7.25,Poor,Medium
STU01730,18,Female,AIML,3rd Year,6.3,6.2,7.5,High,9,6,9,8,5,1.8,Poor,86.9,7.8,Average,High
STU01731,24,Male,AIML,4th Year,6.5,6.9,4.7,Medium,7,2,4,10,8,1.6,Poor,71.4,7.55,Average,Low
STU01732,25,Male,CIVIL,3rd Year,1.0,6.1,5.2,High,7,8,10,7,6,2.3,Average,70.6,8.05,Average,High
STU01733,23,Female,AIML,4th Year,7.4,6.2,3.3,Medium,6,6,5,6,5,1.7,Poor,87.2,8.12,Average,Medium
STU01734,24,Male,AIML,4th Year,3.2,6.9,3.9,Low,4,3,4,4,6,1.6,Average,92.4,7.76,Average,Medium
STU01735,24,Male,CIVIL,1st Year,4.5,7.9,7.3,High,8,6,6,6,5,1.6,Poor,75.0,8.32,Good,Medium
STU01736,24,Male,AIDS,4th Year,7.9,6.4,5.2,High,10,3,7,6,6,0.5,Good,75.1,6.46,Average,High
STU01737,22,Male,ECE,1st Year,7.5,9.0,2.9,Low,6,3,4,6,7,1.3,Good,85.1,8.51,Average,Low
STU01738,18,Male,CSE,3rd Year,5.5,8.1,4.3,Low,2,1,3,6,9,1.3,Good,73.8,7.57,Average,Low
STU01739,18,Female,CSE,4th Year,6.3,6.5,4.4,Low,6,4,6,4,7,1.5,Poor,85.8,7.74,Good,Low
STU01740,19,Female,ECE,2nd Year,6.5,7.8,6.3,Medium,4,3,5,5,9,1.8,Good,95.2,8.27,Good,Low
STU01741,21,Male,CSE,3rd Year,7.9,6.3,7.6,High,8,7,10,9,4,1.8,Poor,73.8,8.17,Poor,High
STU01742,23,Female,AIML,2nd Year,7.7,8.2,3.2,Medium,6,6,5,7,8,1.6,Good,72.5,9.29,Good,Low
STU01743,21,Male,AIDS,1st Year,5.6,4.8,6.5,High,7,5,10,10,7,0.3,Poor,85.5,6.52,Poor,Medium
STU01744,18,Female,AIML,1st Year,3.1,6.3,2.3,Low,3,1,1,8,7,3.0,Good,93.3,8.78,Good,Low
STU01745,19,Male,CSE,1st Year,4.6,7.1,3.8,High,6,6,7,10,7,0.0,Poor,87.1,9.12,Average,High
STU01746,25,Female,CSE,1st Year,5.6,6.8,6.4,High,9,6,9,4,7,1.0,Poor,65.0,7.06,Average,High
STU01747,25,Male,Cyber,3rd Year,4.7,7.5,5.5,Low,6,3,3,4,6,1.9,Average,75.5,7.74,Good,Low
STU01748,21,Male,ECE,2nd Year,3.1,7.5,5.0,Low,4,5,5,5,8,1.6,Average,86.0,8.04,Good,Low
STU01749,24,Male,AIDS,2nd Year,5.7,7.5,4.2,Low,6,4,5,7,9,1.9,Average,92.0,8.62,Good,Low
STU01750,23,Male,CSE,3rd Year,2.0,5.8,2.0,Low,5,5,4,1,5,1.8,Average,76.0,8.26,Average,Medium
STU01751,25,Male,CSE,1st Year,5.2,6.9,4.6,Medium,7,5,7,5,7,1.7,Poor,80.1,7.65,Good,Medium
STU01752,25,Female,Cyber,2nd Year,4.9,8.7,4.8,Low,1,2,4,4,8,1.6,Good,75.1,7.77,Average,Low
STU01753,23,Female,AIML,3rd Year,5.2,7.0,3.4,Medium,7,3,5,6,6,0.7,Good,76.9,8.63,Good,Medium
STU01754,21,Male,Cyber,4th Year,6.7,5.3,7.3,Medium,6,6,3,6,5,1.3,Poor,77.6,7.39,Good,High
STU01755,23,Female,CIVIL,2nd Year,6.2,6.6,4.2,Medium,5,4,7,5,9,1.0,Good,86.9,7.04,Poor,Medium
STU01756,20,Female,Cyber,1st Year,8.8,7.9,4.6,Low,3,1,3,2,8,1.4,Good,69.7,7.47,Average,Medium
STU01757,20,Female,AIML,4th Year,4.3,7.8,5.6,High,8,7,7,10,4,1.8,Good,87.9,7.34,Average,High
STU01758,22,Female,CIVIL,4th Year,5.7,4.6,4.3,Medium,6,8,6,5,4,2.1,Poor,77.3,8.52,Poor,Medium
STU01759,22,Female,CSE,2nd Year,5.1,7.7,4.8,Low,4,2,3,7,7,2.5,Poor,97.0,7.71,Average,Medium
STU01760,22,Male,CIVIL,1st Year,5.0,6.7,3.3,Low,3,1,2,8,7,2.5,Average,93.4,9.23,Average,Low
STU01761,21,Female,Cyber,1st Year,2.5,7.8,3.3,Low,4,2,2,3,7,1.9,Average,93.1,8.89,Average,Low
STU01762,21,Female,Cyber,3rd Year,3.0,7.0,2.6,Medium,8,3,6,7,6,1.9,Poor,95.7,7.93,Poor,Low
STU01763,18,Male,CIVIL,4th Year,5.1,6.4,7.1,High,9,8,7,6,6,1.6,Poor,74.5,6.37,Average,Medium
STU01764,22,Male,Cyber,3rd Year,2.4,6.9,5.9,Medium,8,6,10,9,7,2.3,Average,79.5,6.89,Good,Medium
STU01765,22,Male,Cyber,2nd Year,4.3,8.0,6.3,Medium,5,3,6,10,7,1.1,Poor,75.5,7.56,Average,High
STU01766,25,Female,AIML,3rd Year,3.6,7.2,5.2,Low,2,1,5,5,7,2.2,Good,85.3,9.09,Average,High
STU01767,22,Male,ECE,4th Year,4.7,5.1,7.5,High,10,6,7,5,3,0.5,Average,83.6,7.35,Good,Low
STU01768,21,Female,ECE,2nd Year,6.9,8.4,4.0,Medium,6,3,4,9,8,2.1,Average,93.5,7.86,Good,Medium
STU01769,18,Female,CSE,4th Year,3.1,7.4,3.6,High,5,7,7,4,6,0.5,Average,78.1,7.84,Average,High
STU01770,19,Female,ECE,2nd Year,6.2,8.2,4.8,Low,4,1,1,1,9,1.4,Good,79.3,7.61,Poor,Low
STU01771,20,Male,ECE,2nd Year,3.8,6.5,4.9,Medium,7,2,4,7,8,1.0,Average,85.2,8.04,Poor,Medium
STU01772,21,Female,AIML,3rd Year,4.4,7.1,5.5,Medium,6,7,9,1,5,1.3,Poor,70.6,7.05,Good,Medium
STU01773,20,Female,CSE,2nd Year,5.7,9.0,5.5,Low,3,3,5,1,8,1.9,Good,80.6,9.62,Good,Low
STU01774,21,Male,Cyber,4th Year,4.7,6.2,6.3,High,7,6,7,6,5,2.6,Average,83.7,7.19,Good,High
STU01775,24,Female,CSE,2nd Year,2.8,8.2,3.9,Low,1,1,1,2,9,2.3,Good,96.4,9.67,Good,Low
STU01776,19,Male,CSE,2nd Year,4.2,6.1,3.4,Medium,5,4,4,7,6,2.1,Poor,91.2,7.5,Poor,High
STU01777,20,Female,Cyber,2nd Year,1.8,6.2,6.3,Medium,6,4,3,6,8,1.6,Average,80.1,7.93,Average,High
STU01778,19,Male,CSE,3rd Year,6.1,4.9,6.8,High,8,6,9,8,3,1.3,Poor,82.2,7.76,Good,High
STU01779,20,Male,AIML,2nd Year,1.0,7.6,5.6,Low,4,1,3,2,6,2.0,Good,87.4,8.18,Good,Medium
STU01780,23,Male,ECE,3rd Year,6.8,6.1,7.1,High,9,5,7,7,7,1.9,Poor,76.7,7.81,Average,High
STU01781,18,Male,AIML,2nd Year,6.4,6.6,7.0,Medium,9,5,8,10,3,0.6,Poor,68.5,8.03,Average,High
STU01782,20,Male,CIVIL,2nd Year,7.7,6.4,4.4,Low,4,4,4,5,7,0.4,Good,68.5,8.35,Poor,Low
STU01783,18,Female,CIVIL,3rd Year,8.8,6.9,5.8,Medium,4,1,5,6,8,1.9,Average,71.2,8.01,Good,Low
STU01784,25,Male,ECE,1st Year,6.7,5.9,6.8,Medium,7,4,4,2,6,0.5,Poor,83.1,7.61,Average,Medium
STU01785,23,Male,CIVIL,3rd Year,3.5,7.8,4.7,Low,1,2,2,7,5,2.7,Good,81.4,8.16,Good,Medium
STU01786,19,Female,AIDS,2nd Year,8.8,5.6,5.1,Medium,6,4,5,9,8,1.4,Average,70.9,8.03,Average,Medium
STU01787,19,Female,AIML,2nd Year,3.2,6.2,7.3,High,9,8,10,8,6,0.5,Poor,72.9,7.27,Good,High
STU01788,18,Male,AIDS,3rd Year,1.7,6.3,5.0,Medium,8,5,6,3,7,2.8,Poor,81.9,7.65,Good,Medium
STU01789,21,Female,CSE,3rd Year,8.3,7.0,7.0,Medium,5,3,6,4,3,1.5,Poor,86.0,7.39,Average,Medium
STU01790,24,Male,ECE,4th Year,6.1,5.3,3.1,Low,6,7,7,7,9,1.3,Poor,81.3,7.37,Good,High
STU01791,22,Female,Cyber,2nd Year,1.8,7.1,5.8,High,5,5,7,4,3,1.7,Poor,78.9,8.02,Good,High
STU01792,25,Male,CSE,2nd Year,2.8,6.1,5.4,High,9,8,9,8,3,1.7,Poor,74.2,6.28,Good,High
STU01793,20,Female,AIML,3rd Year,5.9,7.3,3.9,Low,4,3,6,4,8,2.3,Good,89.6,8.86,Average,Low
STU01794,20,Female,CIVIL,3rd Year,3.8,4.3,7.0,High,8,7,10,10,4,0.2,Poor,73.7,7.04,Good,High
STU01795,21,Female,AIML,3rd Year,4.0,5.0,4.9,Medium,8,7,9,7,4,1.3,Poor,75.5,8.35,Average,Medium
STU01796,19,Female,CSE,3rd Year,8.7,6.1,8.6,High,8,6,10,3,4,1.1,Poor,87.3,8.64,Average,High
STU01797,25,Female,CSE,3rd Year,8.7,8.5,2.7,Low,2,2,3,2,10,1.3,Average,92.1,8.26,Average,Low
STU01798,19,Male,Cyber,1st Year,5.0,7.8,3.0,High,3,3,6,2,8,1.9,Average,85.1,8.11,Good,High
STU01799,21,Female,AIDS,3rd Year,4.6,7.1,3.5,High,7,6,6,5,4,0.6,Good,80.9,8.86,Poor,High
STU01800,22,Female,AIDS,1st Year,6.6,5.9,5.5,Medium,6,6,8,9,8,2.0,Average,79.0,8.65,Average,Low
STU01801,18,Female,Cyber,2nd Year,3.5,6.8,4.9,Low,3,3,1,6,9,2.0,Good,73.8,8.79,Poor,Low
STU01802,21,Male,CSE,3rd Year,1.1,6.8,6.3,High,7,4,8,8,7,1.1,Poor,88.5,8.28,Average,Medium
STU01803,21,Male,CSE,2nd Year,1.0,6.7,8.3,High,9,5,10,6,5,1.0,Poor,70.7,6.65,Poor,High
STU01804,20,Female,Cyber,2nd Year,5.0,6.7,4.6,Low,7,6,5,4,9,1.2,Average,86.2,7.91,Average,Low
STU01805,19,Male,AIDS,4th Year,6.4,8.7,5.4,Medium,6,5,4,6,7,2.4,Average,85.4,7.79,Good,Medium
STU01806,18,Male,AIDS,3rd Year,4.8,6.6,4.1,Low,5,3,1,3,7,1.2,Poor,96.7,7.67,Average,Low
STU01807,18,Male,AIML,2nd Year,6.5,6.8,5.8,Medium,8,4,6,9,7,1.2,Poor,84.9,8.03,Poor,High
STU01808,21,Female,ECE,4th Year,6.6,5.4,6.5,High,4,6,4,4,6,1.4,Poor,90.0,7.9,Good,High
STU01809,18,Male,Cyber,2nd Year,7.6,6.7,3.4,High,5,6,6,6,7,0.8,Poor,75.3,7.77,Good,High
STU01810,25,Male,ECE,4th Year,5.5,7.8,8.3,High,8,7,10,3,1,1.4,Poor,69.0,7.37,Good,High
STU01811,19,Male,Cyber,1st Year,5.8,5.3,6.0,High,10,6,10,7,4,0.7,Poor,78.3,6.93,Good,High
STU01812,23,Female,ECE,2nd Year,4.7,8.2,2.1,Low,5,2,1,4,8,1.1,Average,71.8,9.05,Good,Low
STU01813,23,Female,Cyber,2nd Year,4.6,8.0,4.5,Medium,7,7,7,7,6,1.7,Average,77.3,7.88,Average,Medium
STU01814,21,Male,CIVIL,1st Year,2.1,6.4,5.0,Low,6,4,6,4,5,2.5,Average,74.1,7.0,Good,Low
STU01815,25,Male,Cyber,2nd Year,7.1,7.3,4.2,Low,7,4,5,6,8,1.6,Good,75.7,8.09,Good,Low
STU01816,18,Female,CSE,1st Year,4.5,7.7,3.3,High,8,5,8,5,4,1.1,Poor,82.9,8.5,Average,High
STU01817,19,Male,AIML,3rd Year,4.4,6.5,6.2,High,8,6,8,8,5,1.1,Poor,81.9,8.14,Good,High
STU01818,20,Female,Cyber,1st Year,4.4,6.7,5.5,High,9,8,7,10,4,0.7,Poor,74.4,7.14,Good,High
STU01819,19,Male,Cyber,1st Year,2.7,5.0,6.4,Medium,6,3,5,8,6,2.0,Poor,82.6,7.42,Good,Low
STU01820,20,Female,Cyber,4th Year,4.8,7.4,3.7,Low,5,5,5,5,9,1.6,Good,78.2,7.38,Good,Medium
STU01821,20,Male,ECE,3rd Year,5.9,7.4,7.9,Low,4,3,5,4,7,0.4,Poor,100.0,7.81,Average,High
STU01822,24,Female,AIML,4th Year,3.3,6.6,4.3,Low,1,1,1,2,10,2.8,Average,92.2,8.06,Average,Medium
STU01823,20,Male,ECE,2nd Year,7.2,5.2,6.7,High,9,7,7,5,4,1.6,Poor,71.2,6.74,Good,Low
STU01824,25,Female,ECE,1st Year,4.3,7.5,5.7,Low,5,4,5,1,6,1.9,Poor,90.5,7.82,Good,High
STU01825,24,Female,AIML,3rd Year,2.4,6.2,3.3,High,8,5,8,5,5,0.0,Poor,89.6,7.91,Good,High
STU01826,25,Female,AIML,3rd Year,7.6,7.4,5.2,Medium,9,5,7,5,5,1.3,Average,72.8,7.54,Good,Low
STU01827,18,Male,CSE,1st Year,5.0,7.8,6.4,Low,5,2,5,1,9,2.4,Average,76.3,8.33,Good,Low
STU01828,25,Male,AIML,4th Year,6.3,7.4,4.0,Medium,6,5,2,6,8,2.0,Average,76.4,9.08,Good,High
STU01829,22,Female,AIDS,3rd Year,7.0,5.8,6.5,High,8,7,9,7,3,1.1,Poor,69.7,8.47,Poor,High
STU01830,25,Female,CIVIL,3rd Year,3.4,6.9,4.9,Medium,5,5,6,6,5,1.9,Poor,80.3,7.7,Good,Medium
STU01831,20,Male,ECE,2nd Year,3.9,7.8,6.6,Medium,6,3,5,3,5,1.8,Average,71.6,8.41,Poor,Medium
STU01832,25,Male,AIML,3rd Year,6.8,7.3,4.8,Low,7,4,4,6,6,2.2,Average,79.2,7.93,Average,Low
STU01833,22,Male,ECE,1st Year,8.6,5.8,4.6,High,10,6,10,7,4,1.2,Poor,75.4,7.46,Poor,High
STU01834,18,Female,AIDS,4th Year,5.3,7.4,9.4,High,8,7,5,9,7,1.2,Average,80.4,7.04,Average,High
STU01835,21,Female,AIML,2nd Year,3.5,8.2,2.1,Low,1,1,5,3,10,2.5,Average,93.5,8.42,Average,Low
STU01836,19,Female,AIDS,1st Year,8.4,6.2,6.5,High,10,5,9,9,2,0.7,Poor,77.9,8.19,Poor,High
STU01837,25,Female,CSE,1st Year,4.1,6.4,5.0,High,8,6,8,3,5,0.6,Poor,92.0,7.0,Good,Medium
STU01838,20,Male,CSE,3rd Year,5.6,7.3,4.2,Medium,8,4,7,9,7,1.6,Good,91.4,7.93,Good,Medium
STU01839,19,Male,CSE,4th Year,3.9,5.8,2.7,Low,5,2,4,1,8,2.2,Average,89.1,8.09,Poor,Low
STU01840,22,Male,CSE,4th Year,5.7,6.4,5.4,High,9,8,7,3,4,1.6,Poor,69.5,7.67,Good,High
STU01841,21,Female,AIDS,3rd Year,3.4,8.0,6.9,Medium,7,2,7,10,5,1.8,Average,74.5,7.78,Poor,Low
STU01842,18,Male,Cyber,4th Year,4.0,7.8,2.0,Low,2,4,5,2,10,2.0,Good,77.1,8.52,Poor,Low
STU01843,24,Male,AIML,3rd Year,3.8,7.0,6.6,Medium,6,6,4,4,6,1.5,Average,84.3,8.99,Poor,High
STU01844,24,Male,Cyber,2nd Year,7.0,4.5,9.4,High,10,9,10,9,2,0.1,Poor,70.6,6.55,Average,High
STU01845,23,Male,AIML,3rd Year,5.3,7.2,5.9,High,8,4,6,6,2,1.6,Average,89.1,7.49,Good,Medium
STU01846,22,Female,AIML,1st Year,6.4,7.0,4.7,Medium,2,4,3,4,9,0.9,Good,87.5,8.39,Average,Medium
STU01847,21,Male,CSE,1st Year,3.3,8.5,4.7,Low,4,4,2,2,10,1.9,Good,95.0,9.05,Good,Low
STU01848,22,Male,ECE,2nd Year,5.1,5.0,8.6,High,10,7,9,8,2,2.4,Poor,82.6,6.63,Average,High
STU01849,22,Female,CSE,1st Year,6.3,5.9,3.7,High,7,4,5,6,4,0.4,Poor,70.0,7.81,Good,Medium
STU01850,19,Male,AIDS,4th Year,6.9,5.5,7.4,High,8,10,8,9,5,1.1,Poor,71.5,7.41,Good,High
STU01851,18,Male,CSE,4th Year,2.5,8.3,4.5,High,4,6,6,9,6,1.6,Poor,80.8,8.18,Average,Medium
STU01852,20,Male,AIDS,2nd Year,5.9,5.9,7.4,High,8,7,7,7,5,1.3,Average,70.7,7.85,Poor,High
STU01853,21,Female,AIDS,3rd Year,3.3,6.8,3.6,Low,3,3,5,2,7,1.3,Average,83.9,8.12,Poor,Low
STU01854,19,Male,CSE,2nd Year,6.7,4.8,6.3,High,8,6,6,10,9,1.7,Average,83.7,8.24,Average,High
STU01855,18,Female,CSE,1st Year,8.4,5.8,3.4,Medium,5,6,5,4,5,1.1,Poor,79.7,7.62,Average,Medium
STU01856,24,Female,CIVIL,2nd Year,1.0,6.5,4.2,Medium,9,4,8,7,8,0.2,Poor,75.8,7.71,Average,High
STU01857,20,Female,Cyber,1st Year,3.9,7.1,5.3,Low,5,5,7,3,8,1.9,Poor,73.0,8.45,Good,Low
STU01858,22,Male,ECE,2nd Year,5.3,6.6,6.5,Low,5,3,4,5,8,2.1,Average,88.9,8.23,Good,Low
STU01859,22,Female,CSE,1st Year,5.0,6.2,6.0,Low,3,4,5,7,5,0.9,Good,85.2,7.71,Average,Low
STU01860,23,Male,AIML,1st Year,6.3,9.0,4.4,Low,5,3,2,3,10,1.8,Average,83.4,8.39,Average,Low
STU01861,23,Male,Cyber,1st Year,4.6,9.0,4.2,Low,1,1,1,4,10,2.0,Average,82.1,8.99,Average,Low
STU01862,20,Male,CIVIL,4th Year,4.3,7.4,5.4,Medium,4,4,6,6,2,0.3,Average,88.1,7.69,Average,High
STU01863,24,Male,AIML,1st Year,3.1,8.4,5.7,Medium,4,3,4,7,5,2.1,Average,97.7,7.43,Good,Medium
STU01864,20,Male,AIDS,2nd Year,2.8,8.5,4.2,Low,4,4,6,4,7,2.0,Good,85.1,8.44,Average,High
STU01865,24,Male,ECE,2nd Year,3.9,8.3,5.5,High,7,7,8,7,5,1.0,Poor,75.4,7.03,Poor,High
STU01866,21,Male,CSE,2nd Year,4.3,5.8,6.2,High,8,9,8,5,3,1.0,Poor,84.1,7.75,Average,High
STU01867,18,Male,AIML,2nd Year,5.8,5.7,5.0,High,7,5,8,10,7,1.4,Poor,83.4,6.8,Poor,High
STU01868,24,Female,AIML,1st Year,5.2,7.4,6.8,High,9,9,8,7,2,1.0,Poor,71.6,7.35,Average,High
STU01869,18,Female,Cyber,3rd Year,4.0,5.7,5.3,High,5,6,5,2,5,0.6,Poor,87.5,7.75,Average,High
STU01870,24,Male,ECE,3rd Year,3.3,5.7,4.6,High,8,6,6,10,5,1.7,Good,74.2,6.59,Good,High
STU01871,18,Female,Cyber,3rd Year,3.8,5.8,5.2,High,8,5,8,7,7,0.8,Poor,75.4,7.91,Average,High
STU01872,19,Male,AIML,3rd Year,3.7,7.4,4.2,Low,3,2,3,2,6,2.3,Poor,90.7,7.7,Good,High
STU01873,22,Male,ECE,2nd Year,3.9,4.5,4.6,High,8,5,7,4,4,0.6,Poor,78.6,7.61,Poor,High
STU01874,25,Male,ECE,2nd Year,5.6,6.9,3.5,Low,1,1,2,3,8,1.6,Good,98.1,8.57,Good,Low
STU01875,21,Male,Cyber,1st Year,7.3,6.6,4.0,Medium,5,4,4,9,7,1.7,Good,94.2,7.51,Poor,Low
STU01876,18,Male,Cyber,2nd Year,2.9,5.7,5.5,Medium,7,5,9,6,7,1.5,Average,69.5,7.11,Average,Medium
STU01877,19,Male,AIML,1st Year,6.8,8.2,3.6,Low,3,3,3,1,9,1.8,Average,85.9,7.74,Good,Medium
STU01878,25,Male,ECE,2nd Year,6.1,7.1,6.2,Low,5,5,3,6,6,1.2,Poor,99.2,8.81,Good,Medium
STU01879,23,Male,AIML,3rd Year,5.8,6.3,8.1,High,10,8,9,9,4,1.0,Poor,69.0,7.77,Poor,Medium
STU01880,18,Male,AIML,1st Year,8.0,6.6,4.8,High,7,5,8,7,4,1.3,Poor,71.3,8.86,Average,High
STU01881,21,Male,CSE,1st Year,4.5,7.0,5.3,Low,5,3,3,1,9,2.4,Good,67.2,7.66,Good,Low
STU01882,20,Male,ECE,3rd Year,5.6,7.9,6.7,Low,5,5,8,2,7,1.8,Average,84.9,7.81,Good,Medium
STU01883,19,Female,ECE,2nd Year,4.9,7.9,2.8,Low,5,1,3,1,4,1.6,Good,92.4,8.45,Good,Medium
STU01884,24,Male,AIML,4th Year,5.3,6.1,4.7,High,8,6,8,5,6,0.5,Poor,83.5,7.56,Poor,High
STU01885,22,Female,AIDS,4th Year,5.8,5.4,5.9,High,8,5,4,4,6,0.7,Poor,74.8,7.64,Average,Low
STU01886,19,Male,AIDS,4th Year,4.6,8.4,2.0,Low,3,1,1,1,9,2.4,Good,90.8,8.57,Poor,Low
STU01887,23,Male,CSE,2nd Year,5.9,5.6,4.3,High,7,5,7,6,7,1.9,Average,83.3,8.34,Poor,High
STU01888,21,Female,ECE,1st Year,3.9,6.9,4.3,Medium,6,3,4,6,3,0.9,Poor,80.4,6.56,Average,Low
STU01889,18,Male,AIML,3rd Year,4.1,6.3,7.0,Medium,7,6,6,8,5,1.3,Poor,68.9,7.16,Good,High
STU01890,21,Male,CIVIL,3rd Year,3.8,5.6,4.2,Medium,6,3,5,4,7,1.4,Poor,82.9,7.12,Poor,Medium
STU01891,19,Male,AIML,3rd Year,4.3,7.2,4.5,Medium,5,6,7,3,7,2.0,Average,77.2,7.86,Good,Medium
STU01892,19,Female,AIML,2nd Year,7.3,5.9,6.0,High,9,8,9,10,2,1.3,Poor,58.1,7.48,Good,High
STU01893,25,Female,Cyber,1st Year,4.2,7.0,6.7,High,7,4,6,7,8,0.3,Average,87.4,8.55,Good,High
STU01894,23,Female,AIML,1st Year,6.4,6.5,4.7,High,8,8,7,8,4,1.8,Poor,79.9,7.53,Average,High
STU01895,19,Female,ECE,1st Year,5.3,6.5,2.9,Medium,6,2,6,6,6,1.8,Average,89.2,8.22,Average,Medium
STU01896,24,Male,Cyber,1st Year,4.4,7.0,3.9,Medium,6,5,5,8,5,1.0,Poor,74.6,6.7,Poor,Medium
STU01897,22,Female,AIML,4th Year,7.0,7.0,4.8,Low,4,1,3,1,9,1.7,Good,93.6,8.07,Average,Low
STU01898,24,Male,Cyber,1st Year,6.2,6.1,5.8,High,6,6,4,7,6,1.7,Average,92.3,8.33,Average,High
STU01899,23,Female,CIVIL,3rd Year,4.7,8.1,5.7,Medium,5,5,4,8,10,1.6,Good,100.0,7.68,Average,High
STU01900,20,Male,AIDS,4th Year,4.7,8.0,3.0,Low,6,1,3,8,8,1.2,Average,91.2,8.85,Poor,Low
STU01901,22,Male,Cyber,2nd Year,5.5,6.7,6.0,High,8,6,8,3,4,0.7,Poor,79.5,7.86,Average,High
STU01902,22,Female,AIML,2nd Year,2.1,7.0,7.8,Low,4,4,4,6,8,1.1,Average,73.7,7.37,Good,Low
STU01903,23,Male,CSE,3rd Year,3.7,4.7,5.5,Medium,10,6,6,7,6,2.0,Poor,77.9,6.8,Good,Medium
STU01904,19,Female,AIDS,2nd Year,6.2,7.3,5.8,High,9,7,7,10,4,1.0,Average,63.8,6.98,Average,Medium
STU01905,20,Male,ECE,2nd Year,2.1,5.1,5.1,Medium,7,5,5,7,4,2.7,Poor,75.6,7.22,Good,Medium
STU01906,19,Female,ECE,4th Year,3.9,6.8,6.8,Medium,8,7,8,8,6,1.4,Poor,93.2,7.03,Average,High
STU01907,20,Female,AIDS,3rd Year,4.4,8.4,6.3,Medium,5,4,6,7,6,1.6,Poor,71.4,6.86,Average,High
STU01908,19,Male,CSE,4th Year,10.0,6.9,4.5,Low,4,5,5,6,7,0.9,Poor,62.7,7.82,Good,Low
STU01909,18,Female,ECE,4th Year,6.4,6.6,5.1,Medium,8,5,5,6,4,1.1,Average,85.1,8.21,Average,Medium
STU01910,25,Female,CSE,2nd Year,7.4,6.1,6.5,High,10,7,9,9,1,0.9,Poor,68.3,7.0,Average,High
STU01911,18,Female,CSE,3rd Year,3.4,7.3,3.7,Medium,5,1,6,1,4,1.4,Average,91.0,8.35,Average,Medium
STU01912,25,Male,Cyber,3rd Year,5.4,9.0,2.7,Medium,6,3,4,7,6,1.6,Good,77.0,7.98,Average,Medium
STU01913,18,Male,AIML,3rd Year,1.6,6.6,6.6,Low,4,2,3,6,9,2.1,Average,83.2,8.38,Good,Low
STU01914,24,Female,CIVIL,3rd Year,4.7,5.4,5.6,High,7,8,8,8,7,1.4,Poor,87.1,7.24,Average,High
STU01915,20,Male,AIML,3rd Year,6.2,5.9,5.8,High,9,7,7,5,5,0.4,Poor,66.3,7.66,Average,High
STU01916,22,Male,AIDS,4th Year,2.3,8.7,4.3,Medium,5,4,7,1,5,1.8,Good,83.1,8.01,Average,Low
STU01917,20,Male,AIDS,2nd Year,5.2,7.5,3.2,Medium,1,1,4,4,8,2.6,Good,93.9,9.4,Average,Medium
STU01918,21,Female,ECE,3rd Year,5.7,7.6,5.2,Medium,5,1,4,6,9,1.4,Average,79.3,8.42,Average,Medium
STU01919,21,Male,CIVIL,2nd Year,4.1,7.5,5.1,Medium,8,3,10,5,3,0.9,Average,81.5,7.86,Good,High
STU01920,22,Female,AIML,3rd Year,3.5,7.5,6.6,Medium,5,4,4,6,9,1.8,Good,82.4,7.06,Good,Low
STU01921,21,Female,AIML,3rd Year,3.8,7.6,6.1,Medium,6,5,4,6,9,0.0,Good,85.5,7.56,Average,Medium
STU01922,22,Male,CSE,4th Year,4.2,8.4,4.5,Low,6,4,3,4,10,1.7,Good,99.1,7.76,Good,Low
STU01923,24,Male,AIML,2nd Year,4.7,6.5,5.2,Medium,10,6,7,5,5,2.0,Poor,98.8,7.34,Poor,Low
STU01924,21,Female,AIDS,2nd Year,6.0,6.2,6.9,Medium,7,5,9,3,5,0.0,Poor,84.2,7.9,Average,Medium
STU01925,20,Male,Cyber,2nd Year,4.2,6.6,5.5,Medium,7,5,6,10,6,1.7,Poor,78.5,7.81,Average,Medium
STU01926,19,Female,AIML,1st Year,7.9,6.4,3.7,Medium,4,6,5,3,7,1.7,Average,84.8,8.2,Average,Medium
STU01927,20,Female,CSE,1st Year,8.0,8.8,7.0,High,9,7,5,4,4,0.5,Poor,77.8,8.57,Good,High
STU01928,19,Female,Cyber,4th Year,5.5,6.1,4.7,High,8,5,8,2,4,1.6,Average,67.2,7.93,Good,High
STU01929,19,Male,ECE,2nd Year,4.1,7.7,5.5,Medium,5,3,5,8,7,2.4,Average,85.8,7.5,Average,Low
STU01930,25,Female,AIML,4th Year,4.1,5.2,2.3,Low,4,5,6,8,4,0.7,Average,89.0,7.95,Average,Low
STU01931,18,Female,AIDS,1st Year,5.8,6.5,5.4,Medium,7,7,5,7,7,0.8,Poor,66.7,7.91,Good,Medium
STU01932,21,Male,ECE,3rd Year,6.2,5.9,7.7,High,8,9,6,9,3,1.1,Poor,68.9,8.22,Average,High
STU01933,24,Female,AIDS,3rd Year,4.7,7.2,5.6,High,8,6,9,7,6,1.9,Good,75.5,7.64,Poor,High
STU01934,25,Female,AIML,3rd Year,4.1,8.0,5.1,Low,3,5,4,4,9,1.5,Average,89.3,8.14,Good,Low
STU01935,19,Female,ECE,3rd Year,5.4,8.5,3.3,Low,4,2,4,2,9,1.8,Average,100.0,8.94,Good,Low
STU01936,19,Male,CSE,3rd Year,5.0,8.2,5.3,Low,6,3,7,6,7,1.3,Average,77.5,8.1,Good,Medium
STU01937,20,Male,AIML,4th Year,4.0,6.6,5.4,Medium,6,2,9,7,6,1.4,Poor,81.9,6.94,Average,High
STU01938,22,Male,AIDS,3rd Year,5.2,6.0,5.4,Medium,5,5,5,7,5,2.1,Poor,82.6,6.97,Poor,Medium
STU01939,25,Male,ECE,1st Year,3.6,6.7,6.8,Low,4,4,3,4,10,2.0,Average,84.6,9.2,Average,Low
STU01940,19,Male,CSE,2nd Year,3.4,7.7,5.9,Low,5,1,2,8,10,1.7,Poor,86.7,7.26,Good,High
STU01941,19,Female,AIDS,3rd Year,4.5,8.1,4.3,Medium,3,1,1,5,7,2.2,Good,87.7,8.45,Poor,High
STU01942,20,Male,CSE,2nd Year,3.2,8.7,3.4,Low,1,1,1,1,10,2.2,Good,100.0,9.37,Poor,Low
STU01943,24,Female,ECE,3rd Year,3.6,6.4,3.9,Medium,5,5,3,6,5,1.0,Poor,88.6,6.98,Poor,Medium
STU01944,18,Male,CIVIL,3rd Year,7.5,6.8,6.7,Low,10,7,8,10,3,1.3,Poor,67.9,6.66,Good,Medium
STU01945,21,Male,Cyber,2nd Year,4.7,4.5,4.8,Low,8,9,10,10,3,1.8,Poor,83.4,6.73,Good,Medium
STU01946,18,Male,AIDS,3rd Year,8.1,6.8,2.7,Low,6,3,1,3,8,0.9,Poor,88.5,9.4,Good,Low
STU01947,19,Male,ECE,3rd Year,6.2,5.7,4.2,High,10,6,9,10,6,1.8,Good,81.8,9.05,Poor,High
STU01948,25,Female,AIDS,3rd Year,3.2,7.4,3.8,Low,3,2,1,5,7,2.5,Average,87.1,7.89,Good,Low
STU01949,18,Female,ECE,3rd Year,6.8,8.6,2.4,Low,5,3,5,6,9,1.3,Good,85.9,8.74,Average,Medium
STU01950,20,Female,ECE,4th Year,3.4,7.2,4.1,Low,3,4,2,1,8,1.7,Good,77.6,8.3,Poor,Low
STU01951,25,Male,AIML,3rd Year,8.5,7.0,4.8,Medium,5,4,3,8,5,1.3,Good,69.6,7.88,Average,Low
STU01952,22,Female,AIDS,4th Year,5.4,7.5,3.6,High,5,5,7,5,5,2.6,Average,85.8,7.13,Average,Medium
STU01953,18,Male,AIML,1st Year,6.0,6.4,7.4,High,7,7,8,8,4,2.3,Poor,79.3,9.14,Average,High
STU01954,21,Female,CIVIL,3rd Year,5.2,6.8,4.1,Medium,8,6,6,4,4,0.8,Poor,86.0,6.79,Good,Low
STU01955,25,Male,AIML,3rd Year,5.4,7.2,6.3,Low,6,3,4,7,7,0.8,Poor,76.4,8.09,Average,Low
STU01956,21,Male,AIML,2nd Year,4.6,5.8,2.3,High,9,6,4,10,5,1.9,Good,73.1,7.44,Average,High
STU01957,22,Male,AIDS,2nd Year,3.1,7.0,4.0,Low,4,5,3,9,9,2.2,Average,93.1,8.8,Good,Low
STU01958,22,Male,AIML,3rd Year,5.3,7.9,2.4,Low,1,4,3,3,8,2.7,Good,85.7,8.81,Good,Low
STU01959,23,Male,AIML,2nd Year,6.5,8.8,3.0,Medium,5,3,2,6,8,1.4,Average,95.6,8.01,Poor,Low
STU01960,19,Female,ECE,4th Year,3.0,7.6,8.1,Medium,5,2,4,4,5,1.7,Poor,79.3,7.18,Good,High
STU01961,24,Female,CSE,2nd Year,7.7,8.9,4.4,Low,4,3,4,2,9,1.2,Average,98.5,7.46,Average,Low
STU01962,25,Female,CSE,1st Year,5.6,8.3,2.1,Low,2,1,2,1,7,2.5,Good,96.5,8.73,Average,Low
STU01963,19,Male,Cyber,3rd Year,4.2,6.5,5.8,Medium,6,5,5,4,9,1.5,Poor,85.6,8.32,Good,Medium
STU01964,24,Female,AIML,2nd Year,3.9,7.4,3.6,Low,1,5,2,3,10,3.0,Poor,94.0,8.09,Average,Low
STU01965,24,Male,AIML,1st Year,8.8,5.8,6.9,High,8,6,8,7,4,1.2,Poor,72.3,7.41,Average,High
STU01966,23,Female,CSE,3rd Year,6.5,6.8,3.5,Low,2,7,3,1,9,1.5,Good,71.5,9.1,Poor,Low
STU01967,20,Male,AIML,3rd Year,7.2,6.8,4.7,Low,8,5,9,6,5,1.3,Poor,81.8,8.35,Average,Medium
STU01968,21,Male,AIML,1st Year,4.8,6.6,5.2,High,10,6,6,8,5,1.1,Average,92.6,8.45,Average,High
STU01969,24,Female,CSE,3rd Year,5.8,6.3,5.4,Medium,3,4,4,10,7,1.2,Poor,68.0,6.85,Good,Medium
STU01970,19,Male,ECE,3rd Year,5.6,7.7,5.0,Medium,8,6,6,7,8,2.5,Poor,85.4,8.26,Average,Medium
STU01971,24,Male,ECE,3rd Year,4.8,4.8,4.3,High,9,7,7,8,4,2.2,Poor,67.2,7.75,Good,High
STU01972,25,Female,CSE,2nd Year,5.2,6.5,5.5,Medium,5,4,5,1,6,1.4,Average,81.3,7.2,Average,Medium
STU01973,23,Male,AIML,1st Year,7.1,7.6,5.6,Medium,4,6,6,7,7,1.8,Average,81.0,7.34,Good,Medium
STU01974,20,Female,AIDS,4th Year,7.5,8.1,4.7,Low,2,1,3,6,10,3.0,Average,94.0,8.42,Poor,Low
STU01975,22,Male,ECE,3rd Year,4.7,6.2,5.1,Medium,6,4,6,7,4,2.0,Poor,81.2,7.0,Average,Medium
STU01976,18,Female,AIML,1st Year,2.5,8.8,4.7,Medium,7,4,5,1,8,1.5,Good,95.2,7.62,Poor,Medium
STU01977,25,Female,Cyber,4th Year,8.0,6.2,6.1,High,7,4,7,6,4,1.3,Average,89.8,7.8,Poor,High
STU01978,20,Female,CSE,1st Year,8.2,4.5,4.7,High,7,8,10,6,2,0.2,Poor,76.3,8.08,Good,High
STU01979,18,Female,AIDS,4th Year,5.9,6.8,7.0,Medium,7,5,7,5,4,1.7,Poor,87.7,7.45,Good,Medium
STU01980,24,Female,CIVIL,3rd Year,8.3,5.0,5.5,Medium,4,5,4,4,7,2.1,Poor,77.9,7.7,Good,Medium
STU01981,23,Female,CIVIL,4th Year,5.8,5.7,4.3,Medium,8,5,9,7,5,2.0,Poor,75.2,8.28,Average,High
STU01982,22,Male,AIML,4th Year,3.5,7.0,4.4,Medium,6,7,7,3,4,1.6,Good,69.3,6.55,Average,High
STU01983,18,Male,AIML,2nd Year,3.0,5.6,6.4,High,8,6,10,8,4,1.2,Poor,85.8,7.56,Good,High
STU01984,24,Female,CSE,3rd Year,2.6,7.3,4.5,Medium,6,6,7,3,6,1.0,Poor,79.8,8.0,Good,Low
STU01985,23,Male,AIML,2nd Year,5.0,5.7,6.3,High,8,7,5,4,7,1.6,Good,61.9,7.9,Average,High
STU01986,24,Male,AIML,3rd Year,4.4,7.1,5.7,High,10,6,9,10,2,0.8,Poor,82.1,7.35,Good,High
STU01987,24,Male,ECE,3rd Year,3.8,5.5,5.2,High,4,4,4,6,7,2.0,Poor,80.7,7.4,Average,High
STU01988,19,Female,CSE,1st Year,4.5,8.7,2.9,Low,3,2,3,7,9,1.5,Good,85.6,9.14,Good,Low
STU01989,19,Male,CIVIL,1st Year,6.7,6.1,5.6,Medium,8,6,8,7,3,1.6,Average,77.9,7.35,Poor,Medium
STU01990,25,Female,CSE,1st Year,4.0,8.3,6.7,Low,7,4,7,4,4,2.3,Average,80.2,7.3,Average,Medium
STU01991,22,Female,CSE,1st Year,3.4,6.7,3.9,Low,1,2,4,1,8,2.1,Good,100.0,8.37,Good,High
STU01992,21,Female,AIDS,1st Year,4.3,8.3,4.9,Medium,7,6,7,4,5,1.5,Poor,93.0,7.45,Average,Low
STU01993,20,Male,ECE,4th Year,7.0,5.2,5.4,High,9,5,10,8,4,1.5,Poor,81.2,8.19,Poor,High
STU01994,23,Female,AIML,2nd Year,4.5,6.1,3.7,Low,1,2,1,1,8,3.0,Average,91.3,8.3,Average,Low
STU01995,24,Female,ECE,4th Year,5.8,6.3,8.0,High,6,7,5,9,4,1.1,Poor,86.4,8.37,Average,Medium
STU01996,18,Male,AIML,4th Year,7.2,9.0,2.0,Low,1,1,1,3,10,2.7,Good,95.4,9.12,Good,Low
STU01997,22,Female,CSE,3rd Year,10.0,7.7,4.8,Medium,6,5,7,7,7,2.5,Good,90.3,8.15,Good,Medium
STU01998,25,Male,Cyber,2nd Year,6.6,6.8,4.6,High,10,7,9,6,5,1.2,Average,78.2,8.06,Average,High
STU01999,20,Female,AIML,4th Year,5.9,7.7,4.4,High,6,4,5,9,3,0.5,Poor,84.5,7.72,Good,High
STU02000,20,Male,ECE,3rd Year,2.9,6.0,5.6,Medium,7,3,5,8,7,1.1,Poor,89.1,7.68,Good,Low
